fips,consumer_exp
01001,8057.285966228156
01003,31608.593704151313
01005,3608.67982194419
01007,3245.2292367893892
01009,8381.997506977235
01011,1476.1462089281197
01013,2848.262849171212
01015,16588.290958616162
01017,4875.025812854808
01019,3774.3726635596718
01021,6407.612052771037
01023,1861.9406623918376
01025,3470.263910472062
01027,1928.8271772646374
01029,2177.801709849722
01031,7537.42830291093
01033,7980.533327686483
01035,1783.4469432027174
01037,1544.1934442325512
01039,5361.512763762611
01041,2005.8699959142177
01043,12103.122120735785
01045,7130.160521462018
01047,5556.07852611494
01049,10360.445482694144
01051,11753.890360868476
01053,5299.26913061634
01055,14887.835526275137
01057,2386.0059372737296
01059,4541.028508652672
01061,3816.7389593142434
01063,1191.0442529084858
01065,2139.9332057677248
01067,2491.63149655225
01069,15201.08495276185
01071,7489.69367516006
01073,95676.58918884027
01075,2014.1401289895966
01077,13435.919356357339
01079,4779.411467299114
01081,23744.857869897813
01083,13954.326119135027
01085,1447.128198137317
01087,2658.1948784914566
01089,53248.630161338275
01091,2764.836068147655
01093,4316.429105131861
01095,13953.310488757346
01097,60053.934051997254
01099,3055.8867163794034
01101,32863.47758079956
01103,17295.16970148011
01105,1315.9667893628903
01107,2898.899278001162
01109,4823.083573539271
01111,3297.4616562128335
01113,8383.883677678637
01115,12862.813643238991
01117,31278.9491015678
01119,1833.0677416549893
01121,11627.081653712668
01123,5881.225337025882
01125,30225.014949645854
01127,9237.738645197998
01129,2379.767064953707
01131,1537.8094818585746
01133,3437.6186483324095
04001,10900.152299475385
04003,19209.256142100112
04005,21657.615343131012
04007,8175.532111138493
04009,5773.672284208603
04011,1435.7061650533724
04012,3197.059907552699
04013,668983.6079751758
04015,31803.74838022337
04017,16752.23529295236
04019,157513.43863365086
04021,67896.07628946201
04023,7050.125690902964
04025,35219.78083051971
04027,32156.29265445324
05001,2577.4789085277666
05003,2909.878591755481
05005,6052.407880433248
05007,39589.296655151804
05009,5436.0289402747685
05011,1575.9176582773289
05013,760.0407455079902
05015,4085.491644640903
05017,1518.3366107890631
05019,3244.4593752668425
05021,2146.6388991648096
05023,3634.294699297246
05025,1162.5264511835435
05027,3429.5620860056356
05029,3028.0942271291174
05031,15822.57389768461
05033,9215.730325148445
05035,7032.303534532798
05037,2418.113181136001
05039,1039.9486152426146
05041,1673.1947309279594
05043,2665.013733244776
05045,18195.90181966307
05047,2583.0043625796707
05049,1789.665486074678
05051,14390.318044756792
05053,2643.4935437794647
05055,6592.593717349678
05057,3153.1439767248457
05059,4896.13391672949
05061,1934.199731537648
05063,5491.71970085054
05065,1974.913603499048
05067,2435.9982034619015
05069,9897.396867130738
05071,3876.3968307819996
05073,971.171252964964
05075,2389.3226573918682
05077,1305.1704097340196
05079,1917.0417426396295
05081,1788.0660125333377
05083,3151.3990964979284
05085,10671.542061139642
05087,2379.1441894015184
05089,2423.202415131176
05091,6305.12469996508
05093,5995.990086429594
05095,1000.3979967658261
05097,1295.5735684859753
05099,1208.0387437689656
05101,1134.17214749614
05103,3434.5059133152345
05105,1509.3213962833247
05107,2625.172301396835
05109,1550.9077083581833
05111,3475.6560053333633
05113,2910.8964385545164
05115,9246.992762547376
05117,1175.1768328286928
05119,56987.49739774259
05121,2612.9581398084147
05123,3709.1791423691075
05125,17604.969049480467
05127,1503.3597221746913
05129,1153.0750166210757
05131,18549.530878984944
05133,2480.7834626194417
05135,2514.0815936164436
05137,1810.8948621688369
05139,5691.072266775824
05141,2418.840214563883
05143,34404.821280924254
05145,11397.12142216602
05147,940.1996289371847
05149,3120.718285841302
06001,332893.08440345584
06003,217.50068331259246
06005,7870.16935347356
06007,46004.49026036661
06009,9127.039693313913
06011,4277.71316362636
06013,229787.5745308729
06015,5540.375532682567
06017,38096.77257956269
06019,198117.3579540185
06021,5585.713140682529
06023,27211.3527063736
06025,36254.70756377569
06027,3584.267458886855
06029,178505.94647942702
06031,30234.79195704947
06033,12845.72217503766
06035,6115.18450106975
06037,2012012.3403368462
06039,31333.280256608017
06041,51861.03069817667
06043,3476.2161552393686
06045,17456.17743085757
06047,54754.84832950463
06049,1757.5812792936767
06051,2876.6412688257756
06053,86670.72683516944
06055,27719.653201351146
06057,19874.249765903995
06059,634321.6691297928
06061,78358.16628469183
06063,3743.0489494594085
06065,488485.5635798184
06067,307326.26854409405
06069,12276.505510720955
06071,432755.05791516043
06073,665855.8728826473
06075,175897.13663054816
06077,150291.37436783843
06079,56592.91884238414
06081,153524.92447144803
06083,89033.47530494718
06085,385936.28823710285
06087,54692.9335344386
06089,35892.406150066745
06091,598.5762606867214
06093,8698.030081049958
06095,89022.49042195159
06097,99591.54566486782
06099,109474.54503342339
06101,19243.118306521268
06103,12786.00435657075
06105,2509.9459019185947
06107,92790.10556429204
06109,10862.451481471046
06111,169395.2842480338
06113,43963.09954949608
06115,15490.083099793146
08001,95669.82320842368
08003,3039.8574910736356
08005,121945.46978762449
08007,2568.76190007638
08009,670.5347887744898
08011,1086.6255728800884
08013,60736.53227918395
08014,12969.908955636924
08015,3749.4943364479773
08017,347.80250344078587
08019,1796.8236917941408
08021,1530.592942791323
08023,713.1915777925099
08025,1114.5021586857242
08027,923.1078816443451
08029,5778.124000142674
08031,134006.86397364954
08033,385.4078306014088
08035,64170.21670395466
08037,10279.350697443304
08039,4921.059305004299
08041,133225.57120637211
08043,8972.705896996584
08045,11169.530531424614
08047,1143.5012915707819
08049,2901.971291484685
08051,3211.794285405041
08053,151.16967336210598
08055,1288.4969559960691
08057,260.9921959655171
08059,108399.13290670457
08061,257.99873708705957
08063,1339.3857569298473
08065,1467.917397523618
08067,10533.046337392578
08069,65605.39314499515
08071,2714.3188380413776
08073,1048.833154539562
08075,4166.146394093287
08077,28615.783057434986
08079,144.4343908855765
08081,2466.4230246691127
08083,4892.808536838856
08085,7896.370339011193
08087,5382.426154646568
08089,3430.8780570721524
08091,902.1536694951424
08093,3465.8641077141247
08095,801.685705886911
08097,3363.1510499470505
08099,2259.874362055542
08101,31323.179521819933
08103,1184.2871687897657
08105,2108.704688693436
08107,4772.1347258010355
08109,1279.7036705406
08111,142.93766144634773
08113,1530.4058516114194
08115,425.8195254605856
08117,5765.588891089133
08119,4698.420800919019
08121,914.5016873687797
08123,58899.10980135073
08125,1860.9959665010742
09001,213927.13185327256
09003,202280.6625940776
09005,41040.59758506182
09007,36910.362675275515
09009,194210.78413577413
09011,60346.754620161715
09013,34149.84737013932
09015,26528.459166237346
10001,33490.91214205591
10003,104586.41237147572
10005,43029.27548646838
11001,188030.8
12001,46623.015953424154
12003,4916.85867386558
12005,32296.961853092285
12007,4812.635767541974
12009,103217.61482950005
12011,337485.7363672459
12013,2521.986234050264
12015,32055.740450935653
12017,25610.39476153552
12019,37441.86232698373
12021,65586.0355981602
12023,12254.948991808022
12027,6480.202268719677
12029,2893.442915157028
12031,164511.26211264878
12033,54644.01776072162
12035,19437.31190562634
12037,2024.8030852486338
12039,7964.468250789141
12041,3170.7348073557746
12043,2373.3688784440565
12045,2799.9717895190515
12047,2473.256389329909
12049,4711.3609301160395
12051,7168.316232599994
12053,33049.933332721404
12055,18197.04197879367
12057,251785.72034353472
12059,3371.72373985005
12061,27258.712106969597
12063,8343.381812048841
12065,2483.4879225630084
12067,1507.1568699808047
12069,61860.89042222445
12071,130837.03183689079
12073,50577.93708756088
12075,7075.018522779527
12077,1461.3750941581225
12079,3215.1292566383754
12081,68392.94402037965
12083,62267.030266833244
12085,27875.205338218217
12086,470798.6258307292
12087,12964.046269607068
12089,14902.661693553153
12091,35885.62878064755
12093,7223.462462568225
12095,239580.8885229871
12097,63896.098456523694
12099,257154.15380619673
12101,93486.73306155243
12103,168743.64855480174
12105,122535.09640522687
12107,12840.227375904813
12109,44015.36230552388
12111,55566.76332569317
12113,31092.589000484226
12115,73932.19206328921
12117,81179.75932449136
12119,22321.91061409035
12121,7661.33740178138
12123,3736.2437882564072
12125,2658.1176507957402
12127,94702.55135811615
12129,5620.926892956832
12131,12266.047604128671
12133,4299.498363529409
13001,2882.284313838349
13003,1285.4060779948418
13005,1731.9221084771941
13007,480.1214181423484
13009,6984.475315834235
13011,2951.6732161363034
13013,12576.194009759749
13015,16550.34226155111
13017,2617.1751445206037
13019,2997.41388267352
13021,23788.724950816428
13023,1994.697570318551
13025,2953.69576261584
13027,2408.230535134611
13029,5921.238189591586
13031,12017.348859413893
13033,3491.070804178923
13035,3763.803417919537
13037,988.4029064997858
13039,8347.049321048326
13043,1684.4700564572927
13045,18358.032072761725
13047,10483.013983937599
13049,2009.9444591642898
13051,44988.59040782576
13053,1649.153283314612
13055,3855.595911990822
13057,39504.06667731569
13059,19800.418873668306
13061,448.6941574603152
13063,44993.413403276965
13065,1027.2980311062624
13067,117629.74744487533
13069,6698.518359727416
13071,7071.911555949593
13073,23971.376455968442
13075,2671.4727384712455
13077,22714.44160918554
13079,1918.9298675851342
13081,3518.7641328987334
13083,2524.6047479571894
13085,3909.2711839477597
13087,4134.24058467162
13089,117448.65174470759
13091,3234.9853037698804
13093,2132.853052920756
13095,13877.780459590884
13097,22562.906203718703
13099,1600.3010068088774
13101,622.3219937036271
13103,9681.463256047327
13105,2970.80961744269
13107,3517.2083279144745
13109,1665.0224941540544
13111,4042.136929603484
13113,17608.756392342555
13115,15241.287947795534
13117,36871.48906345093
13119,3583.641200742337
13121,163379.90439249593
13123,4797.324668962836
13125,463.16314381392453
13127,13220.45285374143
13129,8965.792963288155
13131,3854.3512680034146
13133,2758.9089785866054
13135,144275.5526687851
13137,7059.153955078668
13139,31355.382491760403
13141,1301.897610827988
13143,4599.115113968231
13145,5376.862025599338
13147,4056.139174461816
13149,1846.8960968139395
13151,35741.19674238672
13153,24196.3458566923
13155,1461.8343632098201
13157,10941.198551801896
13159,2182.638812417046
13161,2341.175340313045
13163,2399.6736077211863
13165,1363.663068703073
13167,1510.0643177218512
13169,4462.048694855007
13171,2949.9618306536186
13173,1611.0360612002648
13175,7364.558473488724
13177,4628.675408669153
13179,9429.111687600507
13181,1232.9754500253114
13183,2970.187295448987
13185,18095.412191418793
13187,5118.442817713907
13189,3349.959292106625
13191,2228.223898455837
13193,2047.439359284933
13195,4611.717134340729
13197,1302.6755133201175
13199,3281.815033796078
13201,884.3195530528542
13205,3443.774332657447
13207,4278.930448207714
13209,1426.3620095687133
13211,2929.736365858251
13213,6214.3518486259945
13215,30208.9097988599
13217,17023.773718261145
13219,6142.0069168579475
13221,2346.1539162626746
13223,25523.447508265286
13225,4257.149178428087
13227,4980.75407660698
13229,3016.3947034814805
13231,2901.1095541478835
13233,6588.21178634345
13235,1723.8319225590474
13237,3394.766475653286
13239,351.6119264425493
13241,2622.6204619655105
13243,1059.814355277277
13245,31375.452376057347
13247,14080.813010036693
13249,813.6860067674926
13251,2171.9037580256586
13253,1286.650721982249
13255,10284.96000944142
13257,4046.182022562558
13259,1001.1605073707102
13261,4635.676531098319
13263,978.6013350989538
13265,250.79576346256172
13267,3964.969002384234
13269,1247.7555973757726
13271,2485.242881855435
13273,1335.9697399832617
13275,6897.505817214152
13277,6307.544567183113
13279,4185.426568653745
13281,1846.11819432181
13283,1059.9699357757029
13285,10902.770168690697
13287,1230.330581552071
13289,1271.7149941333619
13291,3719.151814871302
13293,4073.875351282369
13295,10803.976552190245
13297,14500.413614291363
13299,5536.643197482745
13301,816.3308752407328
13303,3175.3979728727577
13305,4637.854658076281
13307,405.4427788979131
13309,1228.7747765678118
13311,4665.547986796093
13313,16219.111380402357
13315,1373.3090596054792
13317,1534.6460364731445
13319,1406.914447265475
13321,3158.5952790427596
15001,41747.59093554593
15003,203001.90541823028
15005,17.817034576405767
15007,14951.392457093623
15009,34592.39415455377
16001,73597.70144390062
16003,664.753837567465
16005,13608.142210043095
16007,948.9306079966364
16009,1447.2604805613823
16011,7242.425548689088
16013,3575.132176487659
16015,1201.863634052656
16017,7018.852222119397
16019,18282.143566770406
16021,1886.5569466723334
16023,406.16867685097594
16025,176.00119317740393
16027,35048.88702957266
16029,1104.8353223812592
16031,3735.275991867634
16033,133.61018322388114
16035,1375.038759899825
16037,667.2658974165627
16039,4295.936349438114
16041,2151.5792607521353
16043,2065.3842071799722
16045,2761.224785380021
16047,2373.268542435003
16049,2586.7936296083026
16051,4616.694991419771
16053,3778.452020523999
16055,25310.416013323917
16057,6253.301983106889
16059,1245.353670190159
16061,601.6383338588867
16063,847.506191589319
16065,6164.123858463922
16067,3252.9605008408853
16069,6320.342580329681
16071,700.5506904171066
16073,1832.0766486950283
16075,3690.6869295461506
16077,1208.9288023782428
16079,2008.0778418724321
16081,1829.2505813647933
16083,13506.874797376346
16085,1730.3382248065736
16087,1588.0928358514193
17001,12656.270609485715
17003,1165.087404597522
17005,3208.6672985083555
17007,10314.331136877252
17009,1265.7620652828236
17011,6356.582646603167
17013,931.3370430063623
17015,2760.645772125299
17017,2374.5333761636634
17019,40485.48548225503
17021,6297.566466201438
17023,3008.6680204802756
17025,2558.5249974161115
17027,7270.369126156727
17029,9803.050436730251
17031,997481.4522566132
17033,3631.6165913874097
17035,2083.695467517237
17037,20125.096106993355
17039,3046.0835074016327
17041,3752.7347655452054
17043,178831.9484606586
17045,3348.1074894575377
17047,1231.8181183850975
17049,6592.261641540788
17051,4121.103734719392
17053,2548.1103773452182
17055,7462.846734133607
17057,6717.429945726154
17059,972.9955232899354
17061,2519.759467152231
17063,9830.8227569193
17065,1571.4504506970054
17067,3438.367530071946
17069,750.8169617775457
17071,1291.6057521254106
17073,9463.61096775299
17075,5300.655889415378
17077,11048.94757854452
17079,1856.1167326347547
17081,7272.490622837836
17083,4203.456378613308
17085,4113.967791337484
17087,2395.9412063093887
17089,102742.15563270848
17091,21205.902234350495
17093,24631.926511005084
17095,9638.923738946361
17097,134924.68169511118
17099,21052.768746641435
17101,3049.7479107599097
17103,6614.440925025098
17105,6887.92113355337
17107,5576.064731290111
17109,5782.814226030806
17111,59450.31576801702
17113,33251.56752634643
17115,20154.989923863508
17117,8740.180599495201
17119,50920.93479329008
17121,7209.424312408537
17123,2214.6496717419873
17125,2610.0195077666394
17127,2704.522541743263
17129,2370.0975194668017
17131,2999.217717082613
17133,6629.291401792853
17135,5533.4419343333075
17137,6562.560688005278
17139,2825.06212589712
17141,9793.792996667235
17143,34834.9755037915
17145,4077.90234775865
17147,3156.401334819243
17149,3007.703703807045
17151,806.9401921595817
17153,1048.019360467296
17155,1106.2640875304398
17157,6205.76351890986
17159,3026.9900372716615
17161,27506.361650571627
17163,50406.76114312338
17165,4588.025867897774
17167,37731.58992684235
17169,1324.9711090191981
17171,950.237649801687
17173,4190.148808522722
17175,1044.9335471129573
17177,8639.698802144545
17179,25544.748673885417
17181,3246.2756487643587
17183,14793.003494030647
17185,2222.3642051278343
17187,3277.133782307746
17189,2699.8938217117548
17191,3148.6868014333963
17193,2626.4128912115634
17195,10714.136829598767
17197,133297.3008773668
17199,12918.37188126986
17201,54701.82760569363
17203,7430.4456939130505
18001,5693.98991299675
18003,59999.88882081494
18005,13232.707784321312
18007,1384.1858327619293
18009,1907.4346319026054
18011,10706.524648879686
18013,2436.282241183888
18015,3229.3936891017947
18017,6061.911722236602
18019,18760.812951152097
18021,4187.11015515353
18023,5149.625601325787
18025,1694.6798465595607
18027,5323.348681688604
18029,7915.437810785367
18031,4275.091457363061
18033,6911.811101580659
18035,18283.63436116841
18037,6826.389255435407
18039,32891.7298480307
18041,3691.3755087038344
18043,12450.79395668462
18045,2621.842805843987
18047,3632.188087217424
18049,3207.7982785594554
18051,5376.457395022357
18053,10563.99493930025
18055,5128.350122791482
18057,52838.53075296725
18059,12233.880055237125
18061,6432.872885552782
18063,26699.605798523993
18065,7699.32373935796
18067,13158.323592453256
18069,5797.647883599977
18071,7049.381865035561
18073,5337.265724038111
18075,3315.6153652671337
18077,5144.02679118518
18079,4427.69902519559
18081,24969.573465076603
18083,5854.115883018095
18085,12703.86017504003
18087,6298.661408182245
18089,77493.93098615383
18091,17593.221087829625
18093,7299.248763310625
18095,20727.275038537096
18097,153359.40805141124
18099,7405.786121986164
18101,1634.692595053063
18103,5702.148179201634
18105,23551.794771471035
18107,6122.538837759168
18109,11219.535623763255
18111,2237.2845321863338
18113,7605.263728995771
18115,940.4401376178647
18117,3127.0154465307055
18119,3337.210775809473
18121,2715.902816206176
18123,3051.6714586385447
18125,1981.6588577666453
18127,27112.318088888696
18129,4087.7712666587704
18131,1998.2953221844473
18133,5996.485626593515
18135,3968.1166956538104
18137,4551.032814292949
18139,2661.034476828232
18141,43346.3080405831
18143,3804.631439548102
18145,7122.0064308594265
18147,3260.9069918932078
18149,3671.3797582016687
18151,5516.7475805455515
18153,3310.656419142597
18155,1716.5951891099348
18157,31004.131000626243
18159,2417.4062527098436
18161,1124.4010422377908
18163,28973.04264761824
18165,2481.0727223087397
18167,17175.069953328333
18169,4990.619393332563
18171,1324.5185132634663
18173,9993.716134978478
18175,4468.170424211974
18177,10565.11470132837
18179,4492.32529081859
18181,3860.459574950149
18183,5446.3625387779275
19001,1171.21975285665
19003,603.3255271995523
19005,2293.4317241405593
19007,2053.194254336347
19009,905.8161249475166
19011,4242.65000946447
19013,21808.959500358567
19015,4356.394421425527
19017,4129.402297992325
19019,3506.3743180658944
19021,3282.527964395808
19023,2404.85820048669
19025,1607.8194826111012
19027,3336.6683176873157
19029,2143.759310148135
19031,3073.5826253931086
19033,7060.100749408153
19035,1870.0773407571194
19037,1978.8547478290475
19039,1573.2160152168349
19041,2666.619358143795
19043,2904.042191844168
19045,7688.4268678829885
19047,2829.371551677593
19049,14893.233026394437
19051,1485.4655955088867
19053,1306.3222858409626
19055,2828.047017040492
19057,6481.775813483884
19059,2834.669690225998
19061,16047.068262139135
19063,1535.9634785483663
19065,3258.189640439075
19067,2608.0087004520715
19069,1669.7414768955778
19071,1155.82203770035
19073,1484.3066277014232
19075,2031.8361333130915
19077,1774.8764137154778
19079,2464.6278259858773
19081,1773.2207454191014
19083,2804.205393572672
19085,2335.3201320388816
19087,3316.800298130799
19089,1518.5789614364144
19091,1582.6533245061803
19093,1133.4705156992686
19095,2674.7321327960394
19097,3216.4667993703906
19099,6157.264827394113
19101,3022.588041864716
19103,24925.920635116738
19105,3422.763069098887
19107,1690.9340310891955
19109,2463.303291348776
19111,5614.205626182661
19113,37378.86415948203
19115,1846.566850948575
19117,1426.6893709875255
19119,1956.1720921686913
19121,2683.176041107559
19123,3645.4504549615103
19125,5506.5871869181965
19127,6604.129700586098
19129,2494.760988979927
19131,1750.2069560994696
19133,1433.643177832306
19135,1286.123132625171
19137,1649.2111900205105
19139,7098.512253884085
19141,2284.4911153401267
19143,998.0368490556809
19145,2521.417248551587
19147,1474.0414842638897
19149,4143.14434485225
19151,1111.6156941871004
19153,80437.82954334251
19155,15441.424799324657
19157,3057.5226429182585
19159,817.900138409931
19161,1606.8260816332754
19163,28610.44486187273
19165,1913.7869837814558
19167,5762.056805049072
19169,16023.72333916023
19171,2792.946849157313
19173,1019.8916705678492
19175,2036.1408708836702
19177,1161.1201762487544
19179,5793.348935850586
19181,8446.226247134457
19183,3652.0731281470157
19185,1060.4555438290704
19187,6016.533022202122
19189,1744.9088175510653
19191,3314.151228856597
19193,16973.083540302447
19195,1227.3469081038093
19197,2101.043068101624
20001,2018.0648409557184
20003,1266.9204761075498
20005,2610.844146290444
20007,720.7950975815762
20009,4206.440729604285
20011,2347.5481095254827
20013,1551.3641405955088
20015,10789.003081001003
20017,419.723909006069
20019,533.3722289830969
20021,3234.2955834371505
20023,426.9883612773279
20025,321.895951753116
20027,1291.9424783752193
20029,1409.9494697150026
20031,1328.9104688222922
20033,280.2464253978984
20035,5674.182952943969
20037,6281.491162821212
20039,461.69629990667596
20041,3015.8777184813002
20043,1236.2483442955677
20045,19550.901113775388
20047,455.2390089988902
20049,400.99776537349055
20051,4624.388883610713
20053,994.9070966170781
20055,5896.79805698988
20057,5468.841102076384
20059,4136.701987800199
20061,5291.265602112278
20063,421.4996640057101
20065,399.54487491923874
20067,1177.4869970347181
20069,980.8624888926443
20071,198.4002631417149
20073,970.3693911674926
20075,419.723909006069
20077,889.1689580020877
20079,5518.239377520944
20081,644.1147680516214
20083,294.1296008496376
20085,2142.206258657898
20087,3043.9669339301677
20089,459.2748158162562
20091,96557.00097002808
20093,636.2045866895838
20095,1165.5410088553147
20097,401.80492673696375
20099,3213.470820259542
20101,249.57429358591642
20103,13156.245927795233
20105,483.9739535385365
20107,1577.3547364993462
20109,453.9475508173331
20111,5375.694680731576
20113,4605.339875432745
20115,1924.7569873382156
20117,1568.3145292284462
20119,661.5494535026427
20121,5446.240583899134
20123,986.3511861642621
20125,5180.523063043754
20127,897.0791393641251
20129,434.7371103666707
20131,1634.5017610332495
20133,2586.952169931637
20135,451.3646344542188
20137,874.8014857322645
20139,2572.9075622072032
20141,558.3942312507664
20143,928.5584325395804
20145,1061.0943284218813
20147,851.7166707369307
20149,3908.113889664586
20151,1507.7774269679555
20153,403.90354628199407
20155,10062.234989329727
20157,750.9829325754743
20159,1530.8622419632893
20161,12060.927957562086
20163,806.3542021097364
20165,493.33702535482576
20167,1114.2055461384186
20169,8779.81701504349
20171,792.4710266579972
20173,82892.88911233551
20175,3535.6896365580474
20177,28620.327626033068
20179,407.1321917358869
20181,955.1947575341962
20183,579.5418589737645
20185,671.8811189550997
20187,326.90035220664987
20189,893.6890616375377
20191,3716.009485157962
20193,1244.6428224756892
20195,451.5260667269135
20197,1115.819868865365
20199,240.37265404232184
20201,879.8058861857985
20203,340.94495993108376
20205,1398.9720751717668
20207,514.0003562597399
20209,26688.144754150897
21001,2879.4443860813562
21003,3167.853759196333
21005,3395.6716675487255
21007,1198.6311544123234
21009,6616.317990102559
21011,1866.3370977861553
21013,3972.49041377868
21015,19782.363350618103
21017,3016.9750127825696
21019,7092.800870178628
21021,4511.664462841781
21023,1241.5251121402919
21025,1917.7798512850825
21027,3045.9209353052897
21029,12149.6385370105
21031,1911.1807808653953
21033,1907.131351289678
21035,5843.7768143796
21037,14017.625402401574
21039,710.749879974975
21041,1606.5736894475485
21043,4055.428730644298
21045,2388.5635341805137
21047,10605.306079930459
21049,5426.235631461194
21051,3012.7756043336776
21053,1522.5855204697082
21055,1334.212055762266
21057,1003.8085981583685
21059,15130.318662484788
21061,1837.0912175170859
21063,1124.691569937189
21065,2122.2010554222193
21067,48357.0881622307
21069,2172.443977935749
21071,5383.641631479574
21073,7619.076736148703
21075,909.7718446778221
21077,1314.714802249553
21079,2627.4798791478347
21081,3759.220456124235
21083,5597.061568007194
21085,3943.3945123827853
21087,1649.4676471755174
21089,5299.053547009035
21091,1310.515393800661
21093,16539.520154834412
21095,3945.7941743535807
21097,2816.6032382211506
21099,2834.9006607484653
21101,6825.838475927637
21103,2408.8106820591
21105,664.5563870371628
21107,6752.648785818375
21109,2010.1668371607072
21111,115198.92246437188
21113,8062.414285253162
21115,3358.1769492550466
21117,24940.28677796973
21119,2261.0814919820054
21121,4694.338730368584
21123,2144.5479075252515
21125,9097.71844677822
21127,2337.120780681586
21129,1057.651013628091
21131,1522.4355415965335
21133,3271.489160560061
21135,1989.9196892821205
21137,3691.2800265760893
21139,1386.404703627067
21141,4046.8799348733387
21143,1225.4773727105974
21145,9794.670270421122
21147,2593.134717190825
21149,1388.5044078515127
21151,13814.104071503487
21153,1848.1896541320148
21155,2898.4917029745448
21157,4679.640800797461
21159,1698.510738703649
21161,2561.6391538241346
21163,4292.845286879871
21165,965.4140066256414
21167,3254.841505637668
21169,1510.2872528693815
21171,1609.5732669110428
21173,4215.756146068068
21175,2005.517492092291
21177,4620.999061386148
21179,6870.9821167532245
21181,1079.0979924920755
21183,3609.0916040763454
21185,9975.394812596653
21187,1631.9201190140757
21189,671.0054785836755
21191,2187.8918018727445
21193,3930.646308162935
21195,8772.564249735438
21197,1855.388640044401
21199,9686.235545115802
21201,319.45499986214327
21203,2523.0945834182326
21205,3674.932329400045
21207,2668.1241537781825
21209,8394.017573842459
21211,7207.834665903635
21213,2760.0612030342827
21215,2852.7481466562567
21217,3826.560970179682
21219,1845.6400132880447
21221,2198.3903229949747
21223,1270.0210980434879
21225,2170.344273711303
21227,19609.737667594007
21229,1803.1959921796004
21231,3064.068378959431
21233,1957.3742738032072
21235,5414.387300480391
21237,1079.6979079847742
21239,3973.090329271379
22001,9499.388019803893
22003,3903.7974330910424
22005,19064.43227210394
22007,3401.756287864643
22009,6168.937454208327
22011,5705.831981741275
22013,2037.3281632469113
22015,19394.85107936365
22017,37077.90675753108
22019,31022.87523225794
22021,1521.3923269573725
22023,1070.8073453384238
22025,1466.7296961815055
22027,2426.990268665941
22029,2990.5650457433862
22031,4187.646121952319
22033,67497.35540647553
22035,1067.9062559955705
22037,2944.758371908861
22039,5114.46782253755
22041,3078.819237331239
22043,3425.728447171378
22045,10826.407360790095
22047,4991.858625573804
22049,2429.585980183231
22051,66249.2762333975
22053,4815.3502423981
22055,37120.65965310997
22057,14960.612363268801
22059,2275.21748936088
22061,7193.48005897388
22063,21283.91830829948
22065,1709.5050675044909
22067,3866.694027285077
22069,5896.235055980119
22071,59701.97565331599
22073,23601.277937588125
22075,3570.6302254012603
22077,3340.6807227519425
22079,19899.335247194555
22081,1301.825670377214
22083,3087.827883185362
22085,3649.4177043966442
22087,7142.787339930339
22089,8058.15737205694
22091,1555.4419545077035
22093,3229.5231942468276
22095,6583.793230236345
22097,12639.89357789896
22099,8178.323546416177
22101,7610.16810195528
22103,39399.08360963927
22105,20435.426019971284
22107,682.5194401344296
22109,16973.35761155785
22111,3396.2594870045004
22113,9143.928230847974
22115,7344.489393715033
22117,7113.471068676242
22119,5923.108304629707
22121,4030.9872974382415
22123,1676.0661956052868
22125,2365.4566368148953
22127,2158.7158489084036
23001,20776.936743693506
23003,12960.893190058376
23005,56541.55479669648
23007,5759.605451448295
23009,10538.066013022597
23011,23497.418944227167
23013,7646.807612073272
23015,6622.920539006182
23017,11119.513730334109
23019,29229.684801020423
23021,3224.1468457280007
23023,6871.479811539016
23025,9720.766158722145
23027,7635.255670669732
23029,6030.305945004581
23031,39636.443746756115
24001,14237.760425391687
24003,115506.66882765538
24005,166150.1544664487
24009,18477.317962302273
24011,6684.468061178945
24013,33770.95379962762
24015,20600.50860720746
24017,32408.009507203846
24019,6414.327725793522
24021,51166.706927314706
24023,5846.952742038257
24025,50953.76569711863
24027,64749.58777294219
24029,3900.3768780685646
24031,210428.08214282044
24033,182559.27320427343
24035,10064.634129946608
24037,22622.747848918832
24039,5139.088727993397
24041,7440.700441366367
24043,30236.450496156103
24045,20680.788053087228
24047,10428.300019781962
24510,120909.47553536382
25001,50084.062827623435
25003,29538.595847026612
25005,132345.93536620785
25007,4065.6891322000947
25009,184921.63756044014
25011,16566.586376235264
25013,109892.08847902004
25015,37806.05234425478
25017,377375.43992555176
25019,2627.24836415123
25021,164990.16495106887
25023,121630.94761921851
25025,188432.45596740203
25027,194510.69523959936
26001,1807.7405531530621
26003,1591.0210775723572
26005,20445.789945425073
26007,4952.790334044065
26009,4069.6846449024006
26011,2618.780909432544
26013,1452.4741664523253
26015,10684.339943061308
26017,18095.203749331937
26019,3099.1582977366347
26021,26835.17564376539
26023,7601.932909137674
26025,23390.522529885602
26027,9025.615840911403
26029,4569.430681990274
26031,4450.252419654025
26033,6536.65722602962
26035,5363.021805131213
26037,13823.108000022434
26039,2426.315867914414
26041,6254.328633847993
26043,4427.044939579762
26045,19143.553676295604
26047,5797.5077102809355
26049,70963.93726647805
26051,4419.192784667418
26053,2637.6260812221703
26055,16145.775423093903
26057,7084.737638911258
26059,7974.648528976954
26061,6271.7778669865365
26063,5446.080154870678
26065,50884.05773996822
26067,11215.669092129945
26069,4380.280994768467
26071,1937.5628477038229
26073,12295.253146411604
26075,27668.551018462204
26077,46184.630271095804
26079,3107.0104526489795
26081,114004.56471067115
26083,364.6889725955502
26085,2072.270927533375
26087,15341.540267738454
26089,3788.926483703243
26091,17124.851894497555
26093,33361.1888375805
26095,1104.0129806756202
26097,1881.2018246663285
26099,152296.034371547
26101,4267.209964030708
26103,11582.975449696276
26105,5074.934966013867
26107,7572.9671821276925
26109,4000.58568167377
26111,14521.775294889701
26113,2635.008696251389
26115,26204.21137347567
26117,11156.341699458899
26119,1618.4163735998698
26121,30291.694236179388
26123,8522.030972533052
26125,219283.46589808248
26127,4633.643859940113
26129,3643.7488639905646
26131,1012.2300143668836
26133,4079.1072307972136
26135,1435.0249333137822
26137,4299.665537668398
26139,50569.2735741489
26141,2215.703623932199
26143,4155.011394949876
26145,33291.56639735772
26147,27749.689952556433
26149,10628.676889349355
26151,7187.688114428661
26153,1403.6163136644047
26155,11888.68601428355
26157,9184.054877809374
26159,13170.855665303694
26161,64471.950077283094
26163,306138.5942761631
26165,5836.070515517115
27001,3205.4506731327847
27003,71312.24846495401
27005,6938.518486710098
27007,9429.517039646296
27009,8173.525950060371
27011,1006.8105280375524
27013,13594.565081786415
27015,5069.361626641986
27017,7227.648644360963
27019,20889.40168322884
27021,5954.305710003248
27023,2401.2128445240305
27025,11293.226227518613
27027,12916.430776228455
27029,1778.5640891084217
27031,1094.578580080906
27033,2271.6793056462534
27035,13073.202676085204
27037,85758.4663000163
27039,4190.066981113397
27041,7659.0235760131245
27043,2771.452788201166
27045,4245.95606252951
27047,6149.816612141201
27049,9341.54722196606
27051,1208.374399281944
27053,253806.03877387536
27055,3747.1914081590025
27057,4295.792174839185
27059,8060.537193406857
27061,9089.74370713823
27063,1996.4709769401966
27065,3277.884536773162
27067,8657.763478575425
27069,861.1357382092732
27071,2508.1486320711047
27073,1344.5662041768035
27075,2140.733407310307
27077,753.9981850253173
27079,5768.076027161834
27081,1143.6076298430555
27083,5161.770288333608
27085,7228.657472545368
27087,1109.1057059363577
27089,1893.1669708569848
27091,3989.3101724165303
27093,4669.865665617064
27095,5266.083122601226
27097,6690.144987709252
27099,8099.276195688062
27101,1665.3735668180275
27103,6900.183015702656
27105,4387.192008346401
27107,1307.2395613537678
27109,31547.67145148209
27111,11837.589915824288
27113,2859.6243715182827
27115,5945.629787617353
27117,1841.514967815379
27119,6337.660420077667
27121,2238.5897411977244
27123,110743.50864629808
27125,805.448422430042
27127,3077.3294937131764
27129,2947.5941891985176
27131,13430.73138463882
27133,1896.7987523208478
27135,3058.363523846336
27137,40289.571200637
27139,29698.085858191458
27141,19360.825218216316
27143,3025.8792563084517
27145,32213.094521916526
27147,7412.465967744208
27149,1967.6184908661746
27151,1881.0610326441085
27153,4957.381698172879
27155,664.0107109762695
27157,4367.2172102951545
27159,2768.8298349217093
27161,3765.75384675208
27163,52236.92162292471
27165,2220.8343651521723
27167,1259.8246366866688
27169,10236.579587171387
27171,27503.27926019697
27173,1977.1014757995943
28001,4125.83134846462
28003,4892.14830360078
28005,1638.2915549711174
28007,2435.840644074847
28009,1095.5169374241032
28011,4135.267440003757
28013,1918.0517337018873
28015,1318.3947615245788
28017,2272.636131257086
28019,1098.4407967742586
28021,1205.693273845865
28023,2071.288544189573
28025,2578.843946836989
28027,3004.265482284587
28029,3774.436615655044
28031,2501.8932848488103
28033,24179.253604202586
28035,9956.00689267432
28037,1031.0591290229518
28039,3204.2840423747575
28041,1860.1061574897183
28043,2788.830209257234
28045,6283.373743483774
28047,27415.700099429057
28049,31341.64579050124
28051,2318.3546592776966
28053,1097.2446724946494
28055,173.70382593877264
28057,3118.030191545176
28059,19021.964418621814
28061,2182.926810286412
28063,942.6788350296208
28065,1490.5037550905395
28067,9063.432374690541
28069,1293.5419570482586
28071,7115.876242091634
28073,8324.626277985388
28075,9999.333172135712
28077,1654.3727813969715
28079,3028.985384063173
28081,11333.410451992942
28083,3803.14359836566
28085,4546.601289491516
28087,7809.36251886938
28089,14040.904210236766
28091,3289.6075743201995
28093,4709.539996913808
28095,4723.760585571382
28097,1328.2295611569195
28099,3874.246541653528
28101,2838.1371101166715
28103,1402.1234610972083
28105,6545.324960718144
28107,4539.424543813862
28109,7352.575946756479
28111,1583.9343515977753
28113,5233.708236778015
28115,4237.070906468256
28117,3334.262880758935
28119,937.6285325157161
28121,20500.241125520795
28123,3763.6714971385636
28125,581.4493025877049
28127,3550.761375368162
28129,2130.297341983616
28131,2391.8498511247826
28133,3483.5126103145903
28135,1855.4545630690166
28137,3767.392772675125
28139,2929.042555366955
28141,2576.0529901845675
28143,1318.6605669200476
28145,3803.010695667926
28147,1918.5833444928246
28149,6125.884046668591
28151,5985.405895163401
28153,2697.393153216013
28155,1300.8516054236468
28157,1167.018588805174
28159,2414.044601646416
28161,1642.8102466940845
28163,3866.538185184937
29001,4337.85533385509
29003,3007.3481279066027
29005,882.5209685732036
29007,4328.830905660149
29009,6080.761881089378
29011,2007.5095927991647
29013,2776.1184394399984
29015,3285.743224109031
29017,2075.4482126063626
29019,30489.115792723598
29021,15011.71062170931
29023,7251.383462980324
29025,1544.5393991756762
29027,7654.417831610996
29029,7817.7089002704015
29031,13389.867630071305
29033,1485.7954797935122
29035,1035.7659756571093
29037,17839.25127463746
29039,2406.9682445978788
29041,1269.7200198052053
29043,14821.175996234986
29045,1163.4701482270307
29047,41948.26660576778
29049,3479.513021955125
29051,13063.285492752495
29053,3001.2183276232468
29055,4081.0848108745017
29057,1287.9391484251807
29059,2857.5085654245613
29061,1419.0487655969666
29063,2130.9569596167553
29065,2647.2223612594244
29067,2274.6667218154403
29069,5019.284798688191
29071,17659.954616349292
29073,2499.596337768595
29075,1123.456174155122
29077,49558.413657554534
29079,1698.4654951799546
29081,1429.2650994025603
29083,3713.2967938731276
29085,1610.4347522217556
29087,751.2410791713244
29089,1712.768362507786
29091,6832.3435047208895
29093,1734.5632079597192
29095,119324.05449365306
29097,20510.141475879842
29099,38210.791155221414
29101,9130.167249829008
29103,675.1293923196512
29105,6061.010302398563
29107,5540.998911693844
29109,6515.296612287298
29111,1675.3084718872758
29113,9809.893992361176
29115,2049.907378092378
29117,2584.9027250453028
29119,3909.961219630807
29121,2582.5189138239975
29123,2075.2779403762697
29125,1493.2874579176143
29127,4859.569446860743
29129,617.4071063180467
29131,4310.441504810081
29133,2280.626249868703
29135,2756.026316288997
29137,1470.4709790851216
29139,1956.0873793110095
29141,3475.9373051231673
29143,2940.941958170243
29145,9902.692357761985
29147,3783.959769361818
29149,1797.734205324307
29151,2324.556485232756
29153,1544.3691269455828
29155,2767.9453723955235
29157,3281.826962816887
29159,7226.523717386713
29161,7585.798122883426
29163,3150.3768011849147
29165,17497.855453300537
29167,5485.149620223264
29169,8853.645148157606
29171,808.4525484826491
29173,1742.5660027741008
29175,4211.172794665729
29177,3906.896319489129
29179,1069.6501494456618
29181,2285.053327851127
29183,67901.15991657769
29185,1598.6859683453229
29186,3043.956657376647
29187,11363.457819731793
29189,169458.1585611528
29195,3897.5313468340014
29197,782.2306250482919
29199,840.8042722003626
29201,6562.462020023121
29203,1394.3592922334485
29205,1021.1225638690917
29207,4982.84654144824
29209,5397.799966185438
29211,1061.3068101710935
29213,9487.398388564601
29215,4342.963500757887
29217,3489.2185390704394
29219,5919.684351421183
29221,4245.397512914467
29223,2236.0149255842775
29225,6671.095702822601
29227,344.971538168881
29229,3096.741048705547
29510,51663.82978265732
30001,1701.274915265423
30003,2415.8031494392667
30005,1224.4407433072647
30007,1097.5500728316667
30009,1932.4617636105652
30011,222.3298072435689
30013,14765.59129602655
30015,1037.5391004699882
30017,2095.3228663150003
30019,312.52702172693546
30021,1568.9615665643723
30023,1650.1209840053175
30025,526.3612997506281
30027,2009.463794411996
30029,18440.17881753428
30031,20187.18498583436
30033,227.2102176464765
30035,2499.49315005209
30037,148.58138337740945
30039,609.3282766000575
30041,2953.913585345043
30043,2186.062348620912
30045,351.7510608910448
30047,5462.444532439555
30049,12403.834172900963
30051,436.7063530898069
30053,3578.4253609763687
30055,301.68166527602966
30057,1541.848175437108
30059,335.66378215553453
30061,778.5158372341879
30063,21444.884822257736
30065,837.2615180099277
30067,3009.224903244662
30069,92.54704171439616
30071,733.8691198446257
30073,1077.3054074566428
30075,310.9002182592996
30077,1256.7960567191337
30079,193.40885670782006
30081,7802.510942663329
30083,1962.1057379097074
30085,2000.7875092512716
30087,1634.0337052698071
30089,2141.4156312313503
30091,612.0396157127839
30093,6279.280629133609
30095,1714.1085870656616
30097,669.3392489617363
30099,1105.6840901698463
30101,873.9549740021589
30103,121.64874819099339
30105,1338.6784979234726
30107,394.77097481297113
30109,186.17861907388289
30111,28926.192458033405
31001,5579.974974112153
31003,1116.915724335199
31005,81.80327594211508
31007,128.37094168405505
31009,84.99041656323644
31011,927.9891108498381
31013,1900.421127027535
31015,345.2735672881481
31017,525.3470123815054
31019,8738.431329643428
31021,1148.4330038107325
31023,1424.120667537731
31025,4637.112540363749
31027,1496.7166483521619
31029,697.098479186379
31031,1020.4161888623576
31033,1643.5021802915849
31035,1098.147007344151
31037,1900.598190395375
31039,1582.0611916510786
31041,1917.5962737080224
31043,3541.6214835371993
31045,1541.336617047861
31047,4204.192605994763
31049,322.4323928367783
31051,1009.2611966884328
31053,6502.652183926789
31055,100287.09797430845
31057,312.33978086989396
31059,980.0457409948202
31061,533.4919273021488
31063,460.3647563841974
31065,832.3748922161969
31067,3805.9770917224328
31069,334.64976521774355
31071,349.5230881163099
31073,353.4184822087916
31075,116.3306326709299
31077,416.98423126337883
31079,10851.505561446895
31081,1639.6067861991032
31083,599.5365635064971
31085,162.36710830934965
31087,495.95449332005273
31089,1796.8390568410905
31091,119.69483665989134
31093,1143.2981661433703
31095,1256.7957849288591
31097,905.6791265019884
31099,1157.8173623062567
31101,1417.0381328241278
31103,142.7130744791012
31105,633.5327301317917
31107,1488.2176066958384
31109,56045.33663231572
31111,6223.423252842989
31113,133.68284271925734
31115,109.24809795732686
31117,86.76105024163721
31119,6230.682850924433
31121,1369.231023507307
31123,827.594181284515
31125,620.7841676473063
31127,1231.8298500634082
31129,744.9055885031995
31131,2830.003808187934
31133,464.43721384451914
31135,513.8378934719004
31137,1594.632690767724
31139,1265.1177632173426
31141,5893.908325292608
31143,927.8120474819979
31145,1895.463352728013
31147,1405.529013914523
31149,239.2126099519426
31151,2538.380441355329
31153,32590.637611380058
31155,3766.8460874297753
31157,6361.001489654728
31159,3058.415552701632
31161,918.781815722154
31163,538.9808917051912
31165,209.99715425833008
31167,1057.0683060052534
31169,892.2223105461427
31171,126.42324463781424
31173,1287.9589376687122
31175,743.1349548247987
31177,3650.515454758846
31179,1649.8764615338273
31181,625.7419419468283
31183,142.0048210077409
31185,2434.267181065364
32001,4303.945068956553
32003,390968.6067567215
32005,8516.036580781616
32007,9227.330856847642
32009,145.24453489051945
32011,350.9051761925729
32013,2946.6902132927876
32015,974.2097158859871
32017,919.7649688290813
32019,9802.33763705509
32021,798.0546149244501
32023,7935.936582301101
32027,1174.0746260497249
32029,699.1759291404569
32031,81553.66475762063
32033,1675.4931836221951
32510,9695.028796888095
33001,13501.458773222803
33003,10765.395715589248
33005,16759.738692393228
33007,6952.439789577122
33009,19806.923761826125
33011,91554.66270572197
33013,33265.103674642494
33015,68073.0103985696
33017,28660.542062114644
33019,9520.024426342758
34001,59539.39343621023
34003,210384.8979601115
34005,100306.63222250668
34007,114201.54053617899
34009,20850.030742204755
34011,33973.826675594544
34013,180107.40377953023
34015,65749.7913605915
34017,151545.57262229174
34019,28148.646635250294
34021,83040.16527389918
34023,186332.68717249838
34025,139936.71142372434
34027,111205.72721436188
34029,135655.78598057062
34031,113486.58696920163
34033,14151.569878095099
34035,74468.16520446431
34037,31755.8918561449
34039,125489.46201051652
34041,23800.51104605265
35001,103982.82128758407
35003,545.0389609607687
35005,9899.956411328492
35006,4104.815089779385
35007,1851.200140055554
35009,7566.441265020373
35011,272.82619908531444
35013,NA
35015,8853.279172004562
35017,4187.169035203114
35019,664.6592168835035
35021,99.68354660227902
35023,648.863208729604
35025,10665.0659713266
35027,2993.266865512742
35028,2911.9864352062677
35029,3661.7600649578712
35031,11028.220799563825
35033,688.1231901606552
35035,10222.77774301741
35037,1263.987370916898
35039,5984.540060093437
35041,2876.8671549417722
35043,22251.82135046812
35045,19246.43910006064
35047,4214.313631739427
35049,22967.242496467552
35051,1679.1310026897738
35053,2561.713788376106
35055,5014.695831304495
35057,2378.9094998377723
35059,630.0000145264034
35061,11702.081574595233
36001,69162.49787284929
36003,10452.034024641955
36005,323064.4489822892
36007,43296.35306439193
36009,17308.615267518744
36011,17397.72330170103
36013,28756.403375402726
36015,18934.893288835414
36017,10703.115650072034
36019,18200.372379221448
36021,13486.89575591857
36023,10765.60406897961
36025,10044.618556962954
36027,66309.68723925648
36029,207478.92120006957
36031,8411.798426807587
36033,11342.437596584925
36035,12099.066322274495
36037,12968.49002794164
36039,10688.677892634903
36041,999.8147025212195
36043,13921.833198712096
36045,25235.846460342673
36047,581587.6104214103
36049,5974.975679372071
36051,14260.21813864482
36053,16043.281182130317
36055,167582.66001212166
36057,11142.79048202462
36059,306246.04069775296
36061,367498.4522147349
36063,47387.42698817856
36065,51767.03047074781
36067,104143.37942333448
36069,24755.791025558116
36071,86203.78903782119
36073,9171.359821976574
36075,26510.20414412931
36077,13492.53550491745
36079,22291.446303008073
36081,513128.05086378125
36083,35932.64559153596
36085,107439.47432823916
36087,73434.49494451995
36089,24437.483592061402
36091,51924.041082876596
36093,34984.26539988452
36095,7026.224892763064
36097,4034.4508438378807
36099,7710.43924130703
36101,21625.053561300563
36103,334060.38040038303
36105,17009.257390658266
36107,10927.803250187362
36109,23104.698108646382
36111,40249.30947527774
36113,14486.25927851988
36115,13822.799206291786
36117,20348.214387954424
36119,218419.1318980545
36121,9028.78696728492
36123,5628.695090840917
37001,25232.207721399802
37003,5656.842946824748
37005,1687.763969401678
37007,3707.989255814245
37009,4106.367014438505
37011,2656.05376689465
37013,7130.492130020233
37015,2895.1713412990175
37017,5023.438979137639
37019,20741.706961007512
37021,39286.04766951963
37023,13699.254951854793
37025,32063.72711738973
37027,12429.567907536544
37029,1617.7561624467871
37031,10522.082466090294
37033,3429.776412590912
37035,24046.166368508177
37037,11081.084197381622
37039,4298.812717539612
37041,2131.2982788323397
37043,1685.6425207060752
37045,14777.253953320365
37047,8458.367481417872
37049,15507.486900756769
37051,50525.33132677334
37053,4093.7898543145748
37055,5547.133742852147
37057,25208.568721648797
37059,6449.658630781434
37061,8939.027143021582
37063,48032.47757739042
37065,7877.242070872402
37067,57463.37775369247
37069,10247.354860009738
37071,33735.58022157439
37073,1752.16509051819
37075,1282.112672392494
37077,9088.740808111263
37079,3198.23544067084
37081,80707.03038706405
37083,7672.673803796423
37085,20356.209426606554
37087,9378.318555061038
37089,17653.483788408645
37091,3618.2822824001855
37093,8288.045457570908
37095,761.6000817213892
37097,27023.0134845879
37099,6606.797366305725
37101,30714.334214936694
37103,1456.6775936306633
37105,9274.973697175246
37107,8484.279461914162
37109,12742.633122187635
37111,6889.404638969948
37113,5345.141520620828
37115,3282.941856445264
37117,3433.716245882745
37119,165738.17934396525
37121,2272.374617089923
37123,4103.033309345415
37125,14972.124169216448
37127,14258.256683146119
37129,35194.22773185097
37131,2984.878314713077
37133,29838.933563901184
37135,22423.712712521126
37137,1914.3043836821148
37139,5998.093122717419
37141,9397.563125371149
37143,2027.6503568471767
37145,5975.81791141359
37147,27211.36782234749
37149,3131.8644029084107
37151,21706.81458545708
37153,6801.970646301177
37155,19984.6528407767
37157,13731.379746388206
37159,21385.415108073263
37161,10118.552617776713
37163,9598.79768735404
37165,5265.890258635097
37167,9422.262849469953
37169,6896.375113255501
37171,10904.094763348477
37173,2159.180175974547
37175,5178.3047339166405
37177,623.5543844575242
37179,35735.803277428415
37181,6763.633037730643
37183,165362.83445689327
37185,3003.213692725072
37187,1783.3806927534877
37189,8490.946872100343
37191,18674.355207142627
37193,10389.491922615123
37195,12333.496588035676
37197,5679.572754277634
37199,2708.3323240362893
38001,464.3795984592655
38003,2147.8576594818487
38005,1419.6631133917265
38007,187.30249182144365
38009,NA
38011,625.7698719132546
38013,427.2455532397636
38015,19439.468639193754
38017,36785.964553872946
38019,777.5705842391304
38021,1006.0877855899113
38023,461.9311998733643
38025,883.0557566483749
38027,471.1126945704939
38029,668.8208803820177
38031,654.3345220821021
38033,359.7105589119882
38035,14354.756875923385
38037,480.2941892676235
38039,454.5860041156606
38041,510.695138375897
38043,500.49347760130854
38045,831.4353531289573
38047,385.0106776329675
38049,1185.0249155761926
38051,523.5492309518784
38053,2773.6275313951037
38055,1944.2325104210638
38057,1686.5385592549599
38059,6336.863606743353
38061,2089.0960934202194
38063,588.6358266937526
38065,396.8446041314901
38067,1406.8090208157453
38069,830.4151870514986
38071,2362.704635394681
38073,1065.8695177289997
38075,481.11032212959054
38077,3311.255054215914
38079,2927.672609091389
38081,785.7319128588013
38083,273.8125751899536
38085,893.0533842074715
38087,155.26927698923595
38089,6303.19812618721
38091,386.0308437104263
38093,4259.193373390671
38095,445.8125758495146
38097,1636.3463882439848
38099,2171.9335789098773
38101,13815.70112059413
38103,797.3618061418321
38105,7236.854120277544
39001,4825.519594708651
39003,17899.23811534795
39005,9357.9604012935215
39007,17003.971282185063
39009,11416.307442973786
39011,7969.233920112474
39013,11767.235314127945
39015,7591.82092660706
39017,66561.29433013304
39019,4718.882128399642
39021,6758.0623052204455
39023,23440.72723467052
39025,35811.71879187153
39027,7333.068251004318
39029,17855.32857039718
39031,6376.641694517144
39033,7228.347471181255
39035,216362.19181419932
39037,8938.554549323286
39039,6636.788323927846
39041,35735.92255356366
39043,12983.46001157383
39045,27178.962859169664
39047,4992.619807437964
39049,227858.82584535689
39051,7364.780700135429
39053,5217.7433474236495
39055,16369.373811110863
39057,29176.49866597764
39059,6797.441500295341
39061,142086.58286658468
39063,13228.621637548955
39065,5474.4050923144505
39067,2642.762175667874
39069,4720.450326433597
39071,7501.5624175415915
39073,4941.04351654341
39075,7652.632161479353
39077,10169.590005978756
39079,5639.588618557817
39081,11460.739720602542
39083,10785.717589097476
39085,40093.944889927414
39087,10414.054655049898
39089,30608.786203657466
39091,7898.839252810448
39093,53850.526532241565
39095,74857.41041821236
39097,7734.526947697057
39099,39939.56450569575
39101,11400.276974182238
39103,31185.88308015328
39105,4018.768828351279
39107,7135.6495429518545
39109,18477.20621297374
39111,2402.3051437946187
39113,92628.2305390019
39115,2540.655059234738
39117,6118.237507366392
39119,15007.82942918505
39121,2499.8819103518813
39123,7103.762849594749
39125,3265.685283600402
39127,6279.587660637866
39129,10119.58191311816
39131,4866.989720495488
39133,28315.035212657804
39135,7145.929952285566
39137,5889.803327086799
39139,21081.2861704707
39141,13396.593071408244
39143,10235.10583495292
39145,13151.954178111106
39147,9617.23580957425
39149,8472.102756334369
39151,64687.820412233596
39153,94327.63447513225
39155,34594.27438484368
39157,16044.234085403983
39159,10068.1798664496
39161,4922.922117039919
39163,2290.4403507057564
39165,40415.07699843641
39167,10473.994668792218
39169,20175.7389279741
39171,6401.558618834444
39173,22728.591083028492
39175,3819.08494536088
40001,3278.7661146099153
40003,850.5258572141001
40005,2035.213217739551
40007,784.5787525870918
40009,3204.4096476479194
40011,1394.773886227598
40013,6962.214350007042
40015,4282.5784185968605
40017,21307.55376478814
40019,7112.992741346646
40021,7171.12061432884
40023,2168.4352210464604
40025,319.4082360569864
40027,41481.17140840585
40029,814.3803524409077
40031,17781.817956340165
40033,858.6401542040005
40035,2109.7172173740905
40037,10582.51860155549
40039,4277.70984040292
40041,6316.463842283518
40043,727.4836083127021
40045,581.1311971494085
40047,9013.508629053851
40049,4093.44153239591
40051,8180.3916271999005
40053,637.48867806108
40055,857.7549581687387
40057,397.01042181494256
40059,549.8542705701564
40061,1864.2228502614691
40063,1962.9222081931662
40065,3655.1219622687477
40067,900.8344985514824
40069,1625.8100514309426
40071,6483.175762257834
40073,2333.081683605166
40075,1288.255296651088
40077,1501.1449431315646
40079,7390.354165728693
40081,5139.595713402881
40083,6970.623712342031
40085,1498.341822353235
40087,5884.635709748277
40089,4863.709615746268
40091,2913.0326193742253
40093,1125.2316934903629
40095,2467.7790136375115
40097,6079.821435523516
40099,2060.736370089601
40101,10080.022318871845
40103,1664.021013619746
40105,1516.3408084035595
40107,1782.3422169997475
40109,116638.29818429612
40111,5653.599544544932
40113,6951.887062928988
40115,4620.575771394346
40117,2413.0443921238198
40119,12123.054768256206
40121,6472.258344489605
40123,5646.370443590294
40125,10698.036684157163
40127,1651.185671108449
40129,537.9041240941212
40131,13543.646872178942
40133,3617.501130770119
40135,6135.146187727381
40137,6370.313267761948
40139,3023.0919930917826
40141,1080.3817610370954
40143,95554.40395108412
40145,11820.760322214284
40147,7640.864643707799
40149,1628.1705741916408
40151,1312.0080569306147
40153,2996.68364470647
41001,2908.096304107764
41003,16766.261603114002
41005,75344.25185650685
41007,7202.408153450382
41009,9475.707334920178
41011,11657.051618910702
41013,4321.1546990998795
41015,4134.342974437849
41017,34805.92623423976
41019,19971.442960616332
41021,343.3345580439065
41023,1303.1478074725137
41025,1322.5544623645885
41027,4219.949900690741
41029,39794.70613574832
41031,4380.100146201977
41033,15806.448353685395
41035,12276.43223999889
41037,1421.0387016767077
41039,68657.66170785144
41041,8927.786732780378
41043,23115.86516495189
41045,5541.416139416522
41047,62647.583921321624
41049,2060.370089476375
41051,146741.87931627023
41053,15415.050584927469
41055,308.3300309955843
41057,4844.4088987600335
41059,14041.893723358313
41061,4842.776563301822
41063,1280.1137404510787
41065,4793.987870161932
41067,108260.84048316955
41069,245.03168933825552
41071,19291.847298180775
42001,19619.478008302838
42003,231728.64692539335
42005,12440.784448182716
42007,31330.780787899494
42009,9155.451818626816
42011,80054.33105658327
42013,23320.379135385716
42015,11573.097223387504
42017,119513.92101209586
42019,35719.85420932961
42021,25023.391402392735
42023,856.8363753407763
42025,12216.723925237575
42027,30953.666177912808
42029,99387.30856613297
42031,7361.825440386247
42033,15147.785838395077
42035,7366.394219103906
42037,12414.704336336084
42039,16202.03152749466
42041,47806.74867267373
42043,52705.43128690262
42045,107600.64014002273
42047,5731.913632861758
42049,51692.68533782176
42051,24809.039534222615
42053,1386.6243408092012
42055,29426.551891535622
42057,2765.0629530825986
42059,6978.999857002488
42061,8641.654578670192
42063,16074.676820739944
42065,8302.613124663989
42067,4705.461347627929
42069,40028.02217430119
42071,103553.08292773756
42073,16395.82389143532
42075,26906.108965627634
42077,70122.9483190742
42079,60509.47643400217
42081,21676.189894368545
42083,7795.478687003952
42085,21029.898071599844
42087,8796.993055070565
42089,32227.78434279968
42091,157418.03218002577
42093,3472.271825420075
42095,57978.56339019955
42097,17338.515233512087
42099,8786.142205616126
42101,301461.7261272274
42103,10618.603202956787
42105,3164.450359317868
42107,26996.723076861184
42109,7713.240670086108
42111,14062.700892951305
42113,1156.662478687082
42115,7721.23603284201
42117,7745.983584229323
42119,8569.69631386708
42121,9746.918296783624
42123,7529.156960920471
42125,39409.143023838435
42127,9783.84925808469
42129,66715.40085882095
42131,5156.437880216753
42133,85254.74343195748
44001,9339.328684751868
44003,31501.632270074188
44005,15850.763100935757
44007,122308.39533151215
44009,24213.280612726037
45001,3625.0329958797483
45003,24983.048607753182
45005,1315.7275981303485
45007,29530.447342528438
45009,2104.220560344726
45011,3114.0164276233854
45013,27847.306793418615
45015,32610.405828066643
45017,2147.124721153324
45019,59892.14437110112
45021,8414.080938783152
45023,4762.8041606905845
45025,6764.556020822335
45027,4974.818536095273
45029,5554.8356103943315
45031,9842.745262615861
45033,4513.3407926900745
45035,23695.776346516508
45037,4000.2601067315795
45039,3299.049835921636
45041,20387.143106977834
45043,9175.298059933644
45045,75874.16542777208
45047,10408.608386957443
45049,2852.6106643462554
45051,50733.8015637207
45053,4297.345618859847
45055,9701.648073977274
45057,14011.673273007358
45059,9862.059506828666
45061,2549.775110047764
45063,43398.07468732273
45065,1387.087095832622
45067,4578.8028112434
45069,3891.156742476037
45071,5667.919773075413
45073,11545.347492917212
45075,12828.933829685793
45077,18462.79566067603
45079,61068.691461316295
45081,3007.2720550274225
45083,46315.4101853287
45085,15688.621469010786
45087,4028.5680066465306
45089,4512.4561708177325
45091,40365.59090893356
46003,519.0406203268927
46005,3433.495636726156
46007,647.2632224040569
46009,1287.8171226064017
46011,6537.302635262627
46013,7295.456044056093
46015,974.7154198598381
46017,377.77211396862174
46019,1910.8522370598319
46021,254.58150354274164
46023,1739.0190406715392
46025,694.4148478772
46027,2606.0125651816666
46029,5224.511924460963
46031,778.6541155209184
46033,1642.29297893019
46035,3687.145289963105
46037,1026.3399268007895
46039,811.0825061625268
46041,1104.242612365113
46043,545.3187989502651
46045,720.5066564394139
46047,1256.134212209428
46049,431.4466915823184
46051,1323.7865444100246
46053,780.7041861936639
46055,354.47585632378815
46057,1131.2662712331198
46059,603.8389981540871
46061,626.948885737762
46063,233.3353165706534
46065,3295.5817914687414
46067,1361.6196668252346
46069,236.8763477326681
46071,610.9210604781165
46073,377.5857439074631
46075,172.95141675524468
46077,918.0589212676027
46079,2433.061148426422
46081,4794.742563429073
46083,10957.627745823936
46085,708.9517126475763
46087,1043.8587125497043
46089,447.47451684196386
46091,917.1270709618094
46093,5256.3812049190965
46095,379.07670439673245
46097,410.75961479370613
46099,35595.190720816485
46101,1211.7781376536648
46102,2670.869346464883
46103,20864.12834671298
46105,541.964137849409
46107,411.1323549160235
46109,1933.7757545823479
46111,446.54266653617054
46115,1208.4234765528088
46117,562.2784745157039
46119,256.631574215487
46121,1909.3612765705625
46123,1023.3580058222506
46125,1569.608655078309
46127,2901.781852240474
46129,1020.7488249660294
46135,4241.596221910145
46137,511.3994478193873
47001,11795.283185232627
47003,7598.8174580392815
47005,2511.9112119665115
47007,2301.1679532006397
47009,20306.03295449796
47011,16551.77245112736
47013,6152.991916792277
47015,2232.672528671453
47017,4325.416481273122
47019,8723.039200142477
47021,6262.306285058947
47023,2666.373805882217
47025,4924.558174389596
47027,1186.9963298206887
47029,5544.263956585939
47031,8639.545906133988
47033,2210.407650269189
47035,9236.522958294687
47037,106765.65815845547
47039,1808.8667529728066
47041,3112.9083116165075
47043,8263.67146588466
47045,5765.057334075055
47047,6270.655614459795
47049,2832.8965422658143
47051,6483.872748603697
47053,7602.682888317453
47055,4552.858398840694
47057,3577.37841384151
47059,10693.944790376203
47061,2063.8305341209525
47063,9992.75573791602
47065,56325.967693026985
47067,1014.4435222031443
47069,3908.104628441804
47071,3972.5800054816928
47073,8768.80589463602
47075,2682.1447614171534
47077,4326.653418962138
47079,4999.702138997237
47081,3866.5125986486855
47083,1273.118116418334
47085,2868.303883613859
47087,1820.9268954406996
47089,8351.184807382446
47091,2748.1663105683106
47093,72091.5116255744
47095,1145.249682816444
47097,4019.5836376642496
47099,6767.74994823256
47101,1866.8482071453686
47103,5286.207831215256
47105,8207.390801034491
47107,8246.663572660707
47109,3993.7625634060687
47111,3755.4974410596205
47113,15091.103657612177
47115,4421.743003805139
47117,5226.98943935368
47119,14576.228344559826
47121,1901.327845226652
47123,7153.983741627387
47125,31744.768850872115
47127,998.3633322459538
47129,3329.5270244051985
47131,4680.88144965371
47133,3412.092615146927
47135,1244.668549570997
47137,781.2807678238818
47139,2615.8139778437426
47141,12157.70592811392
47143,5088.607035395165
47145,8234.603430192814
47147,11005.49847079677
47149,50196.0137406926
47151,3405.9079267018533
47153,2302.4048908896543
47155,15136.251883261211
47157,144778.14489677595
47159,3089.097261102975
47161,2105.731798336324
47163,24367.517856377584
47165,28989.180914169716
47167,9520.709392345803
47169,1705.8916903623367
47171,2755.5879367023986
47173,3044.2582698761935
47175,891.0589877239323
47177,6312.40226146404
47179,19893.205000789323
47181,2572.0573070948494
47183,5166.224875380834
47185,4187.96178058137
47187,35867.79140278021
47189,21793.914377171466
48001,9589.62120763154
48003,2979.2435845491373
48005,14359.454531936628
48007,3878.2602344866505
48009,1439.0882896883845
48011,310.8099880832729
48013,8323.885162494124
48015,4956.583977070396
48017,1160.3683163406915
48019,3770.080494089386
48021,14323.890855812144
48023,591.0186734547813
48025,5370.445919691124
48027,58787.08745866468
48029,327712.989814122
48031,1926.724183711529
48033,107.02185326763043
48035,3081.4684768511393
48037,15497.161343025904
48039,61018.50136991713
48041,37346.987716567026
48043,1533.7042094242183
48045,250.10362000101577
48047,1174.2629618963035
48049,6255.898748967206
48051,3032.8372174064975
48053,7831.2868950582615
48055,7139.366628878202
48057,3557.0292622366687
48059,2314.120134797758
48061,69827.04500238676
48063,2147.5498005775053
48065,993.6325696733477
48067,4979.907132110173
48069,1255.1496485236162
48071,6984.871403295564
48073,8664.469391053708
48075,1209.992050467877
48077,1728.2292472027862
48079,468.2826377135421
48081,554.9587599890264
48083,1384.0059448072084
48085,166124.87850023818
48087,486.6434193406008
48089,3524.112185265635
48091,24504.365324451373
48093,2239.68453360698
48095,443.8015955441305
48097,6699.8657569584275
48099,12363.091707999945
48101,228.60000187923532
48103,786.5361859158928
48105,568.8534055446383
48107,953.4373450303274
48109,362.9149089168178
48111,1208.0071011027896
48113,434927.2177577188
48115,2085.023895577251
48117,3095.03229751257
48119,881.97916788718
48121,142046.45022704516
48123,3325.7826612039835
48125,366.8848076469927
48127,1686.3798980888598
48129,548.3422621054016
48131,1843.852547719129
48133,3030.190618253048
48135,26790.199930796636
48137,315.60694904890084
48139,29609.820503903327
48141,138421.27103660716
48143,6984.209753507201
48145,2850.221875818454
48147,5820.0369508834265
48149,4181.295837556664
48151,632.0409603332548
48153,956.5801815250492
48155,197.0062244849271
48157,130358.40671562204
48159,1782.8153547426905
48161,3273.3469154762574
48163,3343.1509681484986
48165,3443.887148426685
48167,55885.91854914232
48169,1032.6699071867338
48171,4416.843162213705
48173,230.08871390305086
48175,1255.1496485236162
48177,3437.4360629901516
48179,3647.509870795237
48181,22130.035058912632
48183,20387.249516365868
48185,4679.683540640699
48187,27007.88271116789
48189,5562.986008104604
48191,500.37265244912214
48193,1402.2013139871763
48195,904.8060855856853
48197,649.9055046190416
48199,9446.208616003974
48201,774137.6959442155
48203,11013.822377081768
48205,928.1292406254627
48207,942.685535969437
48209,36838.34444176337
48211,636.0108590634296
48213,13580.858143481084
48215,142634.8223013465
48217,5982.1411490322325
48219,3799.6893221186065
48221,9954.024828572174
48223,6076.922481215158
48225,3815.734329486397
48227,5942.442161730483
48229,791.9947966698833
48231,15979.834863636328
48233,3493.3454701067803
48235,250.76526978937827
48237,1459.7648455747117
48239,2453.7282401422403
48241,5916.637819984347
48243,371.0201188242582
48245,41888.05562654579
48247,858.8214252944933
48249,6741.549693625264
48251,28305.543358593797
48253,3286.0836739022348
48255,2590.3589214390922
48257,21218.9433003375
48259,7543.303824673493
48261,72.28523937860047
48263,120.08943658778932
48265,8670.09341425479
48267,717.5591954791047
48269,45.653835397010816
48271,610.7027546585649
48273,5081.801199517994
48275,605.7403812458464
48277,8225.795581369386
48279,2167.3992942283794
48281,3495.82665681314
48283,1239.4354660500076
48285,3327.1059607807088
48287,2828.0566079083114
48289,2855.0188367840824
48291,14192.718785269282
48293,3861.2227524363166
48295,552.8083981768483
48297,2009.4304072568382
48299,3572.9088571573684
48301,24.481042169411595
48303,50885.33486114582
48305,967.3319905859394
48307,1320.32215267732
48309,42047.18240064696
48311,120.91649882324242
48313,2375.8189775625597
48315,1640.0644129034863
48317,939.708111921806
48319,704.4916121589458
48321,6048.4715403155715
48323,9639.575766652906
48325,8413.207883923058
48327,350.6743878321121
48329,28534.47418536721
48331,4142.75473738455
48333,807.708979143492
48335,1410.141111447526
48337,3239.4373638226807
48339,97555.29892063432
48341,3487.390622011518
48343,2035.0693365558843
48345,203.78813481564248
48347,10778.44046487182
48349,8193.870979080899
48351,2274.5865599431004
48353,2447.9388044940692
48355,59883.60657042839
48357,1631.9592029960459
48359,350.3435629379308
48361,13807.638608442323
48363,4776.11899729453
48365,3827.9748505711027
48367,22838.49656980175
48369,1607.643573273725
48371,2598.464131346532
48373,8263.178794411866
48375,19636.27700657446
48377,1134.0677372532832
48379,2009.2649948097476
48381,22444.980358173172
48383,617.9809023305522
48385,575.1390785340819
48387,2008.6033450213852
48389,2566.0432917167705
48391,1157.887129634332
48393,148.5403774873758
48395,2848.236926453367
48397,16631.559905173366
48399,1683.5678864883191
48401,8982.061289467696
48403,1749.4020404303853
48405,1365.3143382859685
48407,4750.149243101303
48409,11028.213259978651
48411,1002.3994293691505
48413,476.38784762098237
48415,2780.914060487485
48417,538.5829277270551
48419,4186.0927985222925
48421,512.9439984280092
48423,38003.344306622595
48425,1493.6743972282884
48427,10627.584313125173
48429,1555.7040648872708
48431,215.69783100616704
48433,223.63762846651676
48435,620.6275014840021
48437,1226.202470282758
48439,344297.07634698035
48441,22710.13651085943
48443,133.9840821434013
48445,2041.8512468865997
48447,248.7803204242908
48449,5416.099755088135
48451,19520.9845309523
48453,206198.52499464698
48455,2429.57802286701
48457,3574.397569181184
48459,6811.519158744595
48461,601.6050700685809
48463,4430.903220216408
48465,8103.224958075238
48467,9257.473013873578
48469,15197.764813791882
48471,12097.604730419504
48473,8851.550868713199
48475,1936.8143429840568
48477,5871.480221928608
48479,45508.27244357107
48481,6864.451141813593
48483,853.1974020934123
48485,21802.518413673206
48487,2113.4748364768375
48489,3548.0969900937753
48491,93700.03101629326
48493,8303.043194160706
48495,1286.5780134708339
48497,11295.02353713582
48499,7469.529873271078
48501,1420.8929205084162
48503,2975.1082733718713
48505,2340.4207138851666
48507,1979.8215792276173
49001,1061.9585823912732
49003,8801.192139588718
49005,20261.36827385011
49007,3243.261584531718
49009,156.12794856590193
49011,56279.95777149561
49013,3196.775850359119
49015,1603.4372376845142
49017,801.7987666597961
49019,1552.623521364811
49021,8444.053464635093
49023,1864.0779403212255
49025,1230.5895904932538
49027,2081.7594127570515
49029,1916.4946129917078
49031,230.5051232420605
49033,393.6860797513913
49035,184130.31364893532
49037,2461.820363526819
49039,4889.49775678204
49041,3445.8752672702194
49043,6714.784153414405
49045,11218.931203469107
49047,5675.2669599340425
49049,99626.94311363385
49051,5300.4957651218465
49053,27501.44122341488
49055,428.1496412931458
49057,40987.11300252097
50001,7821.151201233907
50003,7534.1656677739375
50005,6413.373680484594
50007,34695.12985482688
50009,1322.2969812191081
50011,10448.13999051826
50013,1508.1057966743438
50015,5365.335601529892
50017,6127.448699624254
50019,5697.076454694262
50021,12428.828025587884
50023,12319.166886786106
50025,9043.332017047911
50027,11709.34914199866
51001,6238.029860058819
51003,20750.09858947223
51005,2869.252493258079
51007,2499.921914084528
51009,6066.2882688101545
51011,3040.611160111541
51013,45189.865188925534
51015,14462.097095839381
51017,814.288726399747
51019,15102.92107121205
51021,1206.7862314830957
51023,6385.647214409679
51025,3127.7264600202843
51027,4091.3557005493053
51029,3263.0902337246393
51031,10556.651189161263
51033,5887.65403844783
51035,5694.277218870181
51036,1340.2353832114343
51037,2286.82448815391
51041,66682.64564289451
51043,2778.3079493973028
51045,976.8401321635338
51047,9916.784524776605
51049,1887.2428817593009
51051,2781.1798823613276
51053,5482.13710392757
51057,2086.172105067398
51059,219887.24984416473
51061,13525.27256297459
51063,3023.188100129792
51065,5149.950191088737
51067,10758.452345433385
51069,16881.79634912883
51071,3216.37345750984
51073,7149.389920642595
51075,4445.560766112327
51077,2993.511459501539
51079,3770.2735951713657
51081,2188.7958429818736
51083,6544.3693762214325
51085,20464.628452848192
51087,62989.72277555419
51089,9774.145187563388
51091,422.7485323044066
51093,7078.740369727592
51095,14557.445270244998
51097,1348.8511821035079
51099,5095.1920025746695
51101,3239.3489212220366
51103,2047.8796655470715
51105,4529.229746464241
51107,77642.1332958096
51109,7042.745476578484
51111,2338.7107437039526
51113,2536.49119382644
51115,1683.3356413135612
51117,5863.338339352423
51119,2054.963766858332
51121,18865.153254084147
51125,2845.5111807554763
51127,4272.861863875654
51131,2251.786905992811
51133,2329.712020416676
51135,2948.5178430651554
51137,7007.133507824581
51139,4589.731800906357
51141,3381.796796237652
51143,11660.239296137079
51145,5592.610791943713
51147,4385.633098263015
51149,7274.2232734788595
51153,89266.37769879757
51155,6521.2024503116345
51157,1406.2898413839978
51159,1717.4159124866521
51161,18013.912323547283
51163,4357.871079610779
51165,15558.409639306336
51167,5130.229584735768
51169,4149.3687464225995
51171,8323.436116335812
51173,5830.789765760145
51175,3391.3699061177335
51177,25658.0405627925
51179,28685.63229346713
51181,1237.420183099357
51183,2152.2265632399617
51185,7861.054909127867
51187,7659.636677250947
51191,10351.786637727515
51193,3411.2819746683035
51195,7251.630734161868
51197,5494.582146771677
51199,13014.834344168634
51510,30455.700310294233
51520,3194.5467669832537
51530,1243.3555112250076
51540,9095.603159263199
51550,46402.58674853428
51570,3351.3543068189924
51580,1067.9761382219115
51590,7782.746870308798
51595,1026.8117657375603
51600,4542.440638098754
51610,2769.883612702831
51620,1548.737716399613
51630,5585.14376623725
51640,1215.4020303751693
51650,25719.117003827425
51660,10240.930025316171
51670,4303.687277689517
51678,1397.0996558991192
51680,15567.599824791214
51683,7858.757362756647
51685,3392.3272171057415
51690,2417.5931691158257
51700,34180.40590243641
51710,46637.31940279388
51720,760.4878488736881
51730,5946.050008716328
51735,2329.9034826142774
51740,18141.04322275477
51750,3465.657238787167
51760,43887.15639644402
51770,18956.480722340126
51775,4842.653363938114
51790,4702.694497491321
51800,17418.273426808602
51810,86129.0781288972
51820,4313.834774162404
51830,2872.315888419705
51840,5353.665969336875
53001,3874.9375445000437
53003,4440.392557074027
53005,39520.20057672455
53007,15069.376085096645
53009,15029.912037344084
53011,94522.67720085237
53013,793.0113874258044
53015,21352.209558140898
53017,8393.276504349025
53019,1499.6338145972504
53021,18456.412342705597
53023,439.79834311309776
53025,18980.439922066693
53027,14489.981035754345
53029,16537.006716690576
53031,6232.9634823519655
53033,437513.7477914621
53035,52869.25832148328
53037,9298.20086301343
53039,4346.150054978363
53041,15622.46176927057
53043,2105.927244746021
53045,12836.614139613543
53047,8269.190543256402
53049,4333.97706512434
53051,2667.4554863993512
53053,175478.7535479419
53055,3362.101262262807
53057,25098.938032081634
53059,2340.1591301629524
53061,159634.8218987465
53063,100840.06625799838
53065,8879.214405779792
53067,56163.81912391085
53069,866.8346807340744
53071,11901.060967768046
53073,44214.85155091084
53075,9754.687982539303
53077,49194.978771028575
54001,2524.762309572015
54003,17953.116644931448
54005,3361.8066950951925
54007,2155.550086100302
54009,3388.7587279989757
54011,14247.058984110656
54013,1105.1864856057032
54015,1322.9466605442249
54017,1310.2363268452816
54019,6582.115217445523
54021,1209.472476557274
54023,1780.9780833579507
54025,5327.926868116063
54027,3576.8104121231
54029,4453.0577545972355
54031,2107.771482316323
54033,10335.798345499701
54035,4394.253319170799
54037,8711.938363046758
54039,27627.365091883737
54041,2452.7881307948664
54043,3152.009620787334
54045,4993.629778178797
54047,2790.301088294516
54049,8589.582259125607
54051,4719.821625724454
54053,4096.709001375056
54055,9065.990068010093
54057,4127.489448043581
54059,3652.4598681144007
54061,16179.02970635003
54063,2035.0316207862256
54065,2730.4246970139516
54067,3803.1462338946435
54069,6386.5598423425045
54071,1069.5056693183085
54073,1149.2898121755306
54075,1287.5721173580093
54077,5138.190681935453
54079,8673.960498500519
54081,11358.444230337567
54083,4412.476568690971
54085,1492.7750951481773
54087,2131.354511107133
54089,1940.5463690723948
54091,2576.9818733230945
54093,1062.3082514405935
54095,1338.4134521537824
54097,3732.244010971623
54099,6119.489698114106
54101,1267.0518195789925
54103,2336.710625447891
54105,889.8764954766167
54107,12891.034828639062
54109,3182.790067455859
55001,3671.0742064184938
55003,2813.0885234474736
55005,8148.517792625485
55007,2711.841159512526
55009,47495.120374225604
55011,2366.7699298447537
55013,2774.6470109374136
55015,9047.65213687488
55017,11570.173359189972
55019,6263.439866956091
55021,10347.264022250209
55023,2935.4516477752713
55025,97808.92404601986
55027,15851.799851155576
55029,4979.168491267874
55031,7786.301287425057
55033,8137.869674136783
55035,18833.633981161296
55037,774.9664540760539
55039,18589.268685674808
55041,1620.1382995437207
55043,9284.437415810089
55045,6663.917408082026
55047,3401.8031422635167
55049,4281.265538796495
55051,1026.370336360158
55053,3694.716638995104
55055,15349.353039756477
55057,4799.413813051817
55059,30487.187522415345
55061,3680.8199419844245
55063,21303.6365173711
55065,3008.905617688861
55067,3471.647580486021
55069,4994.328524370433
55071,14260.357328555983
55073,24440.319556924384
55075,7291.614969161791
55077,2782.587980657801
55078,829.2899060268905
55079,170905.7307987766
55081,8327.37008791877
55083,6826.346334180872
55085,6396.812062941699
55087,33727.28364491823
55089,16073.064143819116
55091,1318.2009735844197
55093,7686.858689335652
55095,7863.003835860624
55097,12786.766015670335
55099,2410.625739891442
55101,35437.84071332365
55103,3139.7511414907103
55105,29394.943232692876
55107,2546.524608060811
55109,16186.583915503754
55111,11607.892965361816
55113,2971.3664881015725
55115,7358.2108288623185
55117,20796.858267942695
55119,3675.225167863242
55121,5322.976384843767
55123,5553.6254599041295
55125,3957.4905461061276
55127,18688.350330595105
55129,2858.2076695860424
55131,24444.650994953685
55133,72645.79576795561
55135,9227.767768260044
55137,4379.6252773785745
55139,30839.47781546529
55141,13166.488749572529
56001,6977.075818082033
56003,2139.711048630456
56005,8341.035770021173
56007,2680.538914925701
56009,2460.5686202066827
56011,1341.2603146462695
56013,7127.145642407129
56015,2394.6315785464362
56017,822.9519297923653
56019,1521.5963220285282
56021,17811.108261585417
56023,3503.1305330150053
56025,14263.839544945386
56027,432.3740436737471
56029,5262.352423212564
56031,1534.2072316356796
56033,5444.129677407069
56035,1765.1670332980727
56037,7721.119484903938
56039,4192.046509268509
56041,3655.722539261532
56043,1419.0876425075442
56045,1247.3991159987604
02000,155605
