fips,biden,trump,other
01001,0.27,0.717,0.013
01003,0.224,0.765,0.011
01005,0.457,0.537,0.007
01007,0.207,0.785,0.008
01009,0.096,0.897,0.008
01011,0.747,0.248,0.004
01013,0.418,0.576,0.006
01015,0.299,0.691,0.011
01017,0.417,0.574,0.009
01019,0.132,0.861,0.007
01021,0.159,0.835,0.006
01023,0.419,0.576,0.005
01025,0.438,0.559,0.004
01027,0.183,0.81,0.008
01029,0.093,0.899,0.008
01031,0.228,0.76,0.012
01033,0.287,0.703,0.01
01035,0.46,0.535,0.005
01037,0.328,0.663,0.008
01039,0.156,0.838,0.006
01041,0.257,0.736,0.007
01043,0.107,0.883,0.01
01045,0.262,0.726,0.012
01047,0.685,0.31,0.005
01049,0.146,0.845,0.009
01051,0.253,0.738,0.01
01053,0.309,0.685,0.006
01055,0.243,0.746,0.011
01057,0.159,0.835,0.006
01059,0.166,0.826,0.008
01061,0.127,0.866,0.007
01063,0.815,0.184,0.002
01065,0.592,0.403,0.005
01067,0.28,0.713,0.008
01069,0.279,0.709,0.011
01071,0.157,0.834,0.009
01073,0.56,0.429,0.011
01075,0.136,0.859,0.005
01077,0.27,0.718,0.012
01079,0.222,0.77,0.008
01081,0.391,0.595,0.014
01083,0.278,0.707,0.015
01085,0.728,0.269,0.004
01087,0.817,0.177,0.006
01089,0.45,0.531,0.019
01091,0.504,0.491,0.005
01093,0.106,0.886,0.008
01095,0.149,0.84,0.011
01097,0.434,0.555,0.011
01099,0.417,0.578,0.005
01101,0.653,0.338,0.009
01103,0.247,0.74,0.013
01105,0.739,0.257,0.004
01107,0.416,0.58,0.004
01109,0.408,0.583,0.01
01111,0.204,0.791,0.005
01113,0.526,0.465,0.009
01115,0.174,0.816,0.01
01117,0.29,0.697,0.013
01119,0.739,0.255,0.006
01121,0.368,0.625,0.007
01123,0.279,0.715,0.006
01125,0.42,0.569,0.01
01127,0.155,0.836,0.009
01129,0.254,0.74,0.005
01131,0.687,0.311,0.003
01133,0.086,0.905,0.009
02000,0.43,0.531,0.039
04001,0.662,0.325,0.012
04003,0.39299999999999996,0.588,0.019
04005,0.61,0.37,0.021
04007,0.32299999999999995,0.664,0.012
04009,0.26899999999999996,0.7170000000000001,0.013999999999999999
04011,0.321,0.66,0.019
04012,0.3,0.688,0.013000000000000001
04013,0.503,0.48100000000000004,0.015
04015,0.237,0.75,0.012
04017,0.452,0.534,0.013999999999999999
04019,0.586,0.39899999999999997,0.015
04021,0.406,0.579,0.015
04023,0.672,0.317,0.011000000000000001
04025,0.34600000000000003,0.639,0.015
04027,0.461,0.523,0.016
05001,0.289,0.684,0.027
05003,0.268,0.7,0.032
05005,0.221,0.754,0.025
05007,0.352,0.617,0.031
05009,0.179,0.798,0.023
05011,0.332,0.639,0.029
05013,0.219,0.75,0.031
05015,0.341,0.629,0.03
05017,0.551,0.427,0.022
05019,0.408,0.551,0.041
05021,0.186,0.788,0.026
05023,0.157,0.815,0.029
05025,0.181,0.796,0.023
05027,0.327,0.638,0.035
05029,0.301,0.656,0.043
05031,0.309,0.664,0.027
05033,0.206,0.772,0.022
05035,0.517,0.45,0.032
05037,0.255,0.713,0.032
05039,0.364,0.594,0.043
05041,0.484,0.461,0.054
05043,0.351,0.63,0.019
05045,0.337,0.632,0.03
05047,0.182,0.796,0.021
05049,0.202,0.774,0.024
05051,0.318,0.658,0.025
05053,0.155,0.828,0.017
05055,0.189,0.787,0.023
05057,0.312,0.653,0.035
05059,0.245,0.733,0.022
05061,0.277,0.697,0.026
05063,0.193,0.775,0.031
05065,0.176,0.797,0.027
05067,0.268,0.706,0.026
05069,0.595,0.38,0.026
05071,0.24,0.73,0.029
05073,0.313,0.656,0.031
05075,0.184,0.78,0.035
05077,0.5,0.451,0.049
05079,0.266,0.704,0.029
05081,0.237,0.718,0.046
05083,0.188,0.783,0.029
05085,0.218,0.746,0.036
05087,0.213,0.77,0.018
05089,0.204,0.771,0.025
05091,0.257,0.721,0.022
05093,0.37,0.591,0.039
05095,0.407,0.549,0.044
05097,0.189,0.786,0.025
05099,0.32,0.635,0.044
05101,0.177,0.798,0.025
05103,0.415,0.55,0.035
05105,0.219,0.752,0.029
05107,0.58,0.387,0.032
05109,0.152,0.829,0.019
05111,0.189,0.787,0.024
05113,0.147,0.829,0.025
05115,0.236,0.74,0.024
05117,0.186,0.798,0.016
05119,0.6,0.375,0.025
05121,0.178,0.786,0.036
05123,0.507,0.456,0.037
05125,0.282,0.695,0.024
05127,0.136,0.834,0.03
05129,0.146,0.837,0.016
05131,0.307,0.662,0.031
05133,0.214,0.747,0.039
05135,0.185,0.785,0.03
05137,0.199,0.777,0.024
05139,0.336,0.631,0.033
05141,0.204,0.773,0.023
05143,0.465,0.504,0.031
05145,0.194,0.783,0.024
05147,0.346,0.623,0.031
05149,0.191,0.775,0.034
06001,0.802,0.177,0.021
06003,0.647,0.326,0.027
06005,0.366,0.609,0.025
06007,0.495,0.477,0.028
06009,0.369,0.61,0.022
06011,0.406,0.573,0.021
06013,0.718,0.262,0.021
06015,0.408,0.564,0.027
06017,0.445,0.532,0.023
06019,0.529,0.451,0.02
06021,0.35,0.629,0.02
06023,0.662,0.31,0.028
06025,0.622,0.357,0.021
06027,0.489,0.487,0.024
06029,0.44,0.536,0.024
06031,0.423,0.553,0.025
06033,0.623,0.358,0.019
06035,0.235,0.747,0.018
06037,0.712,0.268,0.021
06039,0.43,0.548,0.022
06041,0.825,0.156,0.018
06043,0.398,0.579,0.024
06045,0.727,0.251,0.022
06047,0.541,0.436,0.024
06049,0.279,0.701,0.02
06051,0.596,0.373,0.031
06053,0.697,0.281,0.022
06055,0.692,0.286,0.022
06057,0.561,0.415,0.025
06059,0.535,0.444,0.021
06061,0.457,0.52,0.024
06063,0.408,0.571,0.022
06065,0.533,0.448,0.019
06067,0.616,0.359,0.024
06069,0.612,0.368,0.021
06071,0.542,0.435,0.022
06073,0.602,0.375,0.023
06075,0.853,0.127,0.02
06077,0.568,0.412,0.02
06079,0.555,0.421,0.024
06081,0.779,0.202,0.019
06083,0.65,0.327,0.023
06085,0.727,0.252,0.021
06087,0.79,0.186,0.025
06089,0.325,0.653,0.022
06091,0.378,0.592,0.03
06093,0.409,0.567,0.024
06095,0.64,0.337,0.024
06097,0.747,0.229,0.024
06099,0.493,0.485,0.023
06101,0.407,0.572,0.021
06103,0.317,0.661,0.022
06105,0.378,0.567,0.054
06107,0.45,0.528,0.021
06109,0.396,0.58,0.024
06111,0.595,0.383,0.021
06113,0.715,0.264,0.021
06115,0.379,0.593,0.028
08001,0.5670000000000001,0.40399999999999997,0.028999999999999998
08003,0.48100000000000004,0.488,0.03
08005,0.61,0.364,0.026000000000000002
08007,0.409,0.568,0.024
08009,0.142,0.8390000000000001,0.018000000000000002
08011,0.322,0.6609999999999999,0.017
08013,0.772,0.20600000000000002,0.022000000000000002
08014,0.624,0.349,0.027000000000000003
08015,0.522,0.45399999999999996,0.024
08017,0.115,0.8740000000000001,0.011000000000000001
08019,0.55,0.42100000000000004,0.028999999999999998
08021,0.452,0.528,0.02
08023,0.626,0.354,0.02
08025,0.25,0.726,0.024
08027,0.306,0.6809999999999999,0.013000000000000001
08029,0.304,0.675,0.021
08031,0.795,0.182,0.023
08033,0.235,0.752,0.013000000000000001
08035,0.452,0.524,0.024
08037,0.638,0.33899999999999997,0.022000000000000002
08039,0.23600000000000002,0.7390000000000001,0.025
08041,0.42700000000000005,0.535,0.037000000000000005
08043,0.28800000000000003,0.685,0.026000000000000002
08045,0.499,0.47600000000000003,0.025
08047,0.531,0.43799999999999994,0.031
08049,0.47700000000000004,0.495,0.027999999999999997
08051,0.6409999999999999,0.331,0.028999999999999998
08053,0.40399999999999997,0.5589999999999999,0.038
08055,0.47100000000000003,0.5,0.028999999999999998
08057,0.2,0.777,0.023
08059,0.579,0.39299999999999996,0.027999999999999997
08061,0.10800000000000001,0.88,0.011000000000000001
08063,0.171,0.812,0.017
08065,0.581,0.37799999999999995,0.040999999999999995
08067,0.5760000000000001,0.39899999999999997,0.025
08069,0.562,0.408,0.03
08071,0.439,0.5379999999999999,0.023
08073,0.177,0.805,0.017
08075,0.21100000000000002,0.768,0.022000000000000002
08077,0.348,0.628,0.024
08079,0.419,0.565,0.016
08081,0.171,0.807,0.022000000000000002
08083,0.376,0.6,0.023
08085,0.308,0.6729999999999999,0.019
08087,0.282,0.698,0.02
08089,0.376,0.601,0.022000000000000002
08091,0.588,0.392,0.019
08093,0.39899999999999997,0.569,0.032
08095,0.196,0.7879999999999999,0.017
08097,0.752,0.233,0.016
08099,0.262,0.721,0.017
08101,0.496,0.479,0.026000000000000002
08103,0.152,0.8290000000000001,0.019
08105,0.396,0.581,0.024
08107,0.627,0.35100000000000003,0.022000000000000002
08109,0.556,0.41700000000000004,0.027000000000000003
08111,0.609,0.359,0.032
08113,0.762,0.221,0.017
08115,0.20800000000000002,0.775,0.017
08117,0.6829999999999999,0.28800000000000003,0.028999999999999998
08119,0.312,0.664,0.025
08121,0.12300000000000001,0.863,0.015
08123,0.396,0.5760000000000001,0.028999999999999998
08125,0.158,0.825,0.018000000000000002
09001,0.63,0.357,0.013
09003,0.631,0.354,0.015
09005,0.467,0.517,0.016
09007,0.573,0.41,0.017
09009,0.581,0.407,0.013
09011,0.569,0.409,0.022
09013,0.547,0.433,0.021
09015,0.468,0.511,0.021
10001,0.512,0.471,0.017
10003,0.678,0.307,0.015
10005,0.438,0.551,0.011
11001,0.929,0.055,0.016
12001,0.629,0.358,0.013
12003,0.145,0.847,0.008
12005,0.275,0.711,0.014
12007,0.232,0.758,0.01
12009,0.412,0.576,0.012
12011,0.646,0.348,0.006
12013,0.185,0.808,0.007
12015,0.363,0.63,0.007
12017,0.291,0.701,0.008
12019,0.308,0.679,0.013
12021,0.374,0.621,0.006
12023,0.27,0.721,0.009
12027,0.336,0.657,0.007
12029,0.167,0.828,0.005
12031,0.513,0.474,0.013
12033,0.416,0.568,0.016
12035,0.393,0.6,0.007
12037,0.309,0.683,0.008
12039,0.68,0.314,0.006
12041,0.176,0.815,0.009
12043,0.267,0.728,0.005
12045,0.243,0.749,0.008
12047,0.337,0.655,0.009
12049,0.271,0.722,0.008
12051,0.381,0.611,0.008
12053,0.344,0.646,0.009
12055,0.325,0.668,0.007
12057,0.529,0.46,0.012
12059,0.102,0.891,0.007
12061,0.388,0.604,0.008
12063,0.302,0.691,0.007
12065,0.461,0.53,0.009
12067,0.139,0.855,0.005
12069,0.395,0.596,0.009
12071,0.4,0.592,0.007
12073,0.636,0.353,0.012
12075,0.268,0.724,0.008
12077,0.195,0.799,0.006
12079,0.4,0.595,0.006
12081,0.416,0.576,0.008
12083,0.366,0.625,0.008
12085,0.374,0.62,0.007
12086,0.534,0.461,0.005
12087,0.456,0.535,0.009
12089,0.265,0.724,0.011
12091,0.294,0.686,0.02
12093,0.275,0.719,0.006
12095,0.61,0.379,0.011
12097,0.564,0.426,0.009
12099,0.561,0.433,0.006
12101,0.394,0.595,0.011
12103,0.496,0.494,0.011
12105,0.423,0.567,0.01
12107,0.289,0.702,0.009
12109,0.361,0.628,0.01
12111,0.489,0.504,0.007
12113,0.258,0.724,0.018
12115,0.444,0.548,0.008
12117,0.508,0.48,0.012
12119,0.317,0.679,0.004
12121,0.213,0.779,0.008
12123,0.227,0.765,0.007
12125,0.169,0.822,0.009
12127,0.425,0.565,0.01
12129,0.291,0.7,0.01
12131,0.236,0.754,0.01
12133,0.19,0.801,0.008
13001,0.213,0.782,0.004
13003,0.262,0.729,0.009
13005,0.134,0.861,0.005
13007,0.419,0.577,0.004
13009,0.501,0.488,0.011
13011,0.106,0.886,0.008
13013,0.276,0.707,0.018
13015,0.24,0.747,0.014
13017,0.365,0.626,0.009
13019,0.164,0.829,0.007
13021,0.614,0.375,0.011
13023,0.23,0.758,0.012
13025,0.09,0.903,0.007
13027,0.393,0.6,0.007
13029,0.316,0.668,0.017
13031,0.374,0.611,0.015
13033,0.488,0.505,0.007
13035,0.278,0.714,0.008
13037,0.574,0.421,0.005
13039,0.336,0.644,0.02
13043,0.286,0.707,0.007
13045,0.298,0.688,0.014
13047,0.213,0.772,0.015
13049,0.242,0.749,0.01
13051,0.587,0.399,0.015
13053,0.422,0.556,0.022
13055,0.184,0.802,0.013
13057,0.295,0.688,0.017
13059,0.702,0.281,0.016
13061,0.551,0.444,0.005
13063,0.85,0.141,0.009
13065,0.261,0.735,0.004
13067,0.563,0.42,0.016
13069,0.296,0.695,0.008
13071,0.26,0.732,0.007
13073,0.363,0.621,0.017
13075,0.293,0.697,0.011
13077,0.315,0.671,0.014
13079,0.265,0.726,0.01
13081,0.371,0.62,0.008
13083,0.17,0.816,0.014
13085,0.155,0.833,0.012
13087,0.411,0.581,0.008
13089,0.831,0.158,0.011
13091,0.269,0.724,0.007
13093,0.466,0.526,0.009
13095,0.696,0.296,0.008
13097,0.62,0.368,0.012
13099,0.47,0.525,0.005
13101,0.116,0.872,0.013
13103,0.244,0.74,0.016
13105,0.314,0.679,0.007
13107,0.303,0.69,0.007
13109,0.312,0.68,0.008
13111,0.173,0.82,0.007
13113,0.461,0.525,0.014
13115,0.284,0.703,0.013
13117,0.326,0.658,0.015
13119,0.148,0.843,0.01
13121,0.727,0.262,0.012
13123,0.177,0.813,0.01
13125,0.099,0.896,0.005
13127,0.378,0.61,0.012
13129,0.182,0.807,0.01
13131,0.338,0.657,0.005
13133,0.364,0.628,0.008
13135,0.584,0.402,0.014
13137,0.174,0.814,0.011
13139,0.277,0.709,0.015
13141,0.717,0.278,0.005
13143,0.126,0.866,0.009
13145,0.273,0.716,0.011
13147,0.248,0.744,0.008
13149,0.153,0.838,0.009
13151,0.597,0.393,0.01
13153,0.431,0.555,0.014
13155,0.242,0.752,0.006
13157,0.203,0.783,0.014
13159,0.23,0.762,0.008
13161,0.178,0.814,0.008
13163,0.531,0.463,0.006
13165,0.366,0.625,0.008
13167,0.298,0.695,0.007
13169,0.327,0.666,0.008
13171,0.289,0.7,0.01
13173,0.285,0.702,0.013
13175,0.355,0.638,0.007
13177,0.273,0.718,0.009
13179,0.612,0.372,0.016
13181,0.309,0.684,0.008
13183,0.359,0.624,0.017
13185,0.434,0.554,0.012
13187,0.201,0.783,0.016
13189,0.399,0.59,0.011
13191,0.39,0.6,0.01
13193,0.613,0.383,0.005
13195,0.228,0.758,0.013
13197,0.362,0.628,0.011
13199,0.394,0.6,0.006
13201,0.264,0.729,0.007
13205,0.446,0.551,0.004
13207,0.281,0.709,0.009
13209,0.247,0.746,0.007
13211,0.287,0.703,0.01
13213,0.15,0.841,0.009
13215,0.615,0.373,0.012
13217,0.549,0.44,0.011
13219,0.324,0.659,0.016
13221,0.3,0.688,0.013
13223,0.348,0.639,0.014
13225,0.472,0.518,0.01
13227,0.164,0.822,0.014
13229,0.122,0.873,0.005
13231,0.14,0.851,0.008
13233,0.21,0.781,0.009
13235,0.3,0.691,0.009
13237,0.291,0.699,0.01
13239,0.449,0.546,0.004
13241,0.207,0.781,0.011
13243,0.544,0.453,0.004
13245,0.68,0.308,0.013
13247,0.699,0.291,0.01
13249,0.203,0.791,0.006
13251,0.402,0.591,0.008
13253,0.323,0.672,0.005
13255,0.391,0.6,0.009
13257,0.201,0.788,0.011
13259,0.594,0.403,0.004
13261,0.52,0.472,0.008
13263,0.6,0.395,0.004
13265,0.605,0.388,0.008
13267,0.252,0.74,0.008
13269,0.361,0.63,0.009
13271,0.343,0.652,0.005
13273,0.538,0.454,0.008
13275,0.399,0.593,0.009
13277,0.327,0.662,0.011
13279,0.269,0.721,0.009
13281,0.194,0.8,0.006
13283,0.309,0.683,0.008
13285,0.385,0.604,0.011
13287,0.372,0.62,0.009
13289,0.46,0.533,0.007
13291,0.18,0.813,0.007
13293,0.326,0.667,0.007
13295,0.197,0.79,0.014
13297,0.248,0.741,0.011
13299,0.297,0.695,0.008
13301,0.554,0.44,0.006
13303,0.5,0.493,0.007
13305,0.21,0.782,0.008
13307,0.46,0.538,0.002
13309,0.301,0.693,0.006
13311,0.163,0.825,0.012
13313,0.29,0.698,0.012
13315,0.263,0.732,0.005
13317,0.43,0.561,0.009
13319,0.435,0.559,0.007
13321,0.258,0.736,0.007
15001,0.669,0.306,0.025
15003,0.625,0.357,0.018
15007,0.634,0.346,0.021
15009,0.666,0.311,0.023
16001,0.465,0.504,0.031
16003,0.229,0.751,0.021
16005,0.371,0.59,0.039
16007,0.106,0.879,0.015
16009,0.197,0.78,0.024
16011,0.206,0.765,0.029
16013,0.671,0.303,0.025
16015,0.251,0.722,0.027
16017,0.304,0.672,0.024
16019,0.264,0.7,0.036
16021,0.193,0.782,0.025
16023,0.133,0.85,0.018
16025,0.198,0.672,0.13
16027,0.286,0.683,0.031
16029,0.126,0.851,0.023
16031,0.152,0.821,0.027
16033,0.132,0.849,0.019
16035,0.199,0.781,0.02
16037,0.22,0.763,0.017
16039,0.255,0.71,0.035
16041,0.099,0.877,0.024
16043,0.148,0.826,0.026
16045,0.181,0.798,0.021
16047,0.208,0.77,0.022
16049,0.163,0.815,0.022
16051,0.117,0.854,0.029
16053,0.242,0.734,0.024
16055,0.272,0.702,0.026
16057,0.498,0.461,0.042
16059,0.218,0.758,0.024
16061,0.187,0.796,0.017
16063,0.213,0.757,0.029
16065,0.156,0.792,0.052
16067,0.194,0.784,0.022
16069,0.319,0.655,0.026
16071,0.102,0.876,0.022
16073,0.172,0.805,0.023
16075,0.191,0.785,0.024
16077,0.281,0.688,0.03
16079,0.28,0.697,0.023
16081,0.523,0.45,0.027
16083,0.257,0.71,0.033
16085,0.421,0.559,0.02
16087,0.201,0.777,0.022
17001,0.257,0.723,0.02
17003,0.425,0.568,0.007
17005,0.281,0.692,0.027
17007,0.42,0.558,0.022
17009,0.193,0.766,0.041
17011,0.381,0.599,0.02
17013,0.244,0.739,0.018
17015,0.342,0.637,0.021
17017,0.304,0.682,0.015
17019,0.6,0.372,0.028
17021,0.266,0.715,0.019
17023,0.239,0.745,0.016
17025,0.164,0.817,0.019
17027,0.234,0.747,0.019
17029,0.356,0.622,0.022
17031,0.743,0.241,0.016
17033,0.234,0.747,0.019
17035,0.196,0.789,0.015
17037,0.515,0.458,0.027
17039,0.272,0.703,0.025
17041,0.267,0.713,0.02
17043,0.58,0.399,0.021
17045,0.229,0.757,0.014
17047,0.145,0.842,0.013
17049,0.195,0.788,0.017
17051,0.181,0.802,0.017
17053,0.249,0.729,0.022
17055,0.254,0.733,0.013
17057,0.387,0.595,0.018
17059,0.232,0.755,0.012
17061,0.217,0.766,0.017
17063,0.359,0.622,0.02
17065,0.191,0.796,0.013
17067,0.17,0.811,0.019
17069,0.208,0.782,0.01
17071,0.326,0.656,0.018
17073,0.382,0.597,0.021
17075,0.207,0.776,0.017
17077,0.494,0.481,0.025
17079,0.181,0.806,0.014
17081,0.265,0.717,0.018
17083,0.248,0.73,0.022
17085,0.408,0.574,0.017
17087,0.199,0.786,0.015
17089,0.561,0.417,0.021
17091,0.406,0.573,0.022
17093,0.518,0.461,0.021
17095,0.46,0.522,0.018
17097,0.611,0.37,0.019
17099,0.414,0.567,0.019
17101,0.222,0.761,0.017
17103,0.391,0.588,0.022
17105,0.268,0.712,0.02
17107,0.287,0.689,0.023
17109,0.406,0.572,0.022
17111,0.476,0.503,0.021
17113,0.505,0.466,0.029
17115,0.401,0.58,0.019
17117,0.306,0.673,0.021
17119,0.42,0.556,0.023
17121,0.256,0.73,0.014
17123,0.316,0.663,0.021
17125,0.294,0.688,0.019
17127,0.253,0.734,0.013
17129,0.29,0.69,0.02
17131,0.368,0.61,0.022
17133,0.309,0.67,0.02
17135,0.285,0.695,0.02
17137,0.33,0.651,0.019
17139,0.246,0.737,0.017
17141,0.358,0.62,0.022
17143,0.518,0.457,0.025
17145,0.26,0.727,0.013
17147,0.338,0.637,0.025
17149,0.186,0.797,0.016
17151,0.199,0.792,0.009
17153,0.34,0.648,0.013
17155,0.391,0.591,0.017
17157,0.241,0.744,0.015
17159,0.227,0.755,0.018
17161,0.549,0.429,0.022
17163,0.533,0.447,0.02
17165,0.252,0.732,0.016
17167,0.467,0.511,0.022
17169,0.273,0.71,0.017
17171,0.209,0.772,0.019
17173,0.206,0.78,0.014
17175,0.283,0.695,0.022
17177,0.408,0.571,0.02
17179,0.358,0.617,0.024
17181,0.29,0.693,0.016
17183,0.327,0.656,0.017
17185,0.224,0.758,0.018
17187,0.391,0.591,0.018
17189,0.208,0.774,0.019
17191,0.14,0.846,0.014
17193,0.204,0.78,0.015
17195,0.448,0.531,0.022
17197,0.533,0.45,0.018
17199,0.302,0.678,0.019
17201,0.502,0.477,0.022
17203,0.284,0.694,0.021
18001,0.228,0.752,0.02
18003,0.433,0.545,0.022
18005,0.357,0.619,0.024
18007,0.246,0.732,0.022
18009,0.257,0.718,0.025
18011,0.396,0.581,0.024
18013,0.337,0.644,0.019
18015,0.234,0.746,0.019
18017,0.283,0.695,0.022
18019,0.399,0.582,0.019
18021,0.208,0.775,0.017
18023,0.26,0.721,0.019
18025,0.275,0.703,0.021
18027,0.181,0.801,0.017
18029,0.215,0.77,0.015
18031,0.199,0.779,0.022
18033,0.253,0.725,0.022
18035,0.424,0.557,0.018
18037,0.289,0.691,0.02
18039,0.351,0.632,0.017
18041,0.221,0.765,0.014
18043,0.419,0.56,0.02
18045,0.204,0.771,0.025
18047,0.178,0.808,0.014
18049,0.249,0.732,0.019
18051,0.249,0.731,0.02
18053,0.295,0.683,0.021
18055,0.229,0.751,0.02
18057,0.456,0.524,0.02
18059,0.301,0.676,0.024
18061,0.264,0.72,0.016
18063,0.369,0.608,0.023
18065,0.264,0.716,0.021
18067,0.328,0.651,0.021
18069,0.239,0.738,0.023
18071,0.224,0.757,0.02
18073,0.246,0.736,0.019
18075,0.228,0.752,0.02
18077,0.322,0.658,0.02
18079,0.206,0.775,0.019
18081,0.319,0.66,0.021
18083,0.254,0.728,0.018
18085,0.234,0.741,0.025
18087,0.221,0.763,0.016
18089,0.568,0.417,0.015
18091,0.454,0.526,0.02
18093,0.236,0.742,0.022
18095,0.377,0.603,0.02
18097,0.637,0.345,0.019
18099,0.287,0.695,0.018
18101,0.197,0.783,0.02
18103,0.224,0.755,0.021
18105,0.632,0.35,0.018
18107,0.245,0.736,0.019
18109,0.215,0.761,0.024
18111,0.229,0.75,0.021
18113,0.243,0.74,0.018
18115,0.237,0.756,0.007
18117,0.252,0.728,0.02
18119,0.244,0.736,0.02
18121,0.214,0.77,0.016
18123,0.367,0.613,0.02
18125,0.228,0.754,0.018
18127,0.46,0.521,0.019
18129,0.288,0.696,0.016
18131,0.252,0.731,0.017
18133,0.238,0.74,0.022
18135,0.227,0.751,0.022
18137,0.194,0.79,0.016
18139,0.221,0.761,0.018
18141,0.521,0.462,0.017
18143,0.266,0.721,0.013
18145,0.251,0.729,0.02
18147,0.298,0.683,0.018
18149,0.258,0.726,0.017
18151,0.279,0.701,0.019
18153,0.239,0.744,0.017
18155,0.232,0.755,0.013
18157,0.49,0.484,0.026
18159,0.226,0.753,0.021
18161,0.211,0.772,0.017
18163,0.444,0.539,0.017
18165,0.287,0.693,0.02
18167,0.416,0.563,0.021
18169,0.24,0.739,0.022
18171,0.218,0.761,0.021
18173,0.353,0.631,0.017
18175,0.229,0.751,0.019
18177,0.344,0.635,0.021
18179,0.208,0.773,0.019
18181,0.272,0.713,0.015
18183,0.241,0.733,0.026
19001,0.287,0.699,0.014
19003,0.274,0.71,0.016
19005,0.348,0.639,0.014
19007,0.291,0.693,0.016
19009,0.314,0.672,0.015
19011,0.353,0.628,0.019
19013,0.537,0.446,0.017
19015,0.412,0.568,0.02
19017,0.41,0.571,0.018
19019,0.387,0.596,0.016
19021,0.363,0.62,0.016
19023,0.3,0.686,0.015
19025,0.28,0.703,0.017
19027,0.306,0.684,0.01
19029,0.303,0.684,0.013
19031,0.406,0.577,0.017
19033,0.461,0.524,0.015
19035,0.298,0.691,0.011
19037,0.338,0.651,0.011
19039,0.314,0.675,0.011
19041,0.298,0.686,0.017
19043,0.349,0.637,0.014
19045,0.439,0.542,0.019
19047,0.311,0.679,0.01
19049,0.481,0.501,0.018
19051,0.247,0.74,0.013
19053,0.295,0.688,0.017
19055,0.316,0.668,0.016
19057,0.447,0.532,0.021
19059,0.326,0.662,0.012
19061,0.477,0.506,0.017
19063,0.313,0.673,0.013
19065,0.378,0.605,0.018
19067,0.396,0.59,0.014
19069,0.318,0.668,0.014
19071,0.28,0.704,0.016
19073,0.35,0.638,0.012
19075,0.304,0.679,0.017
19077,0.312,0.671,0.017
19079,0.359,0.626,0.015
19081,0.273,0.713,0.014
19083,0.332,0.652,0.017
19085,0.3,0.684,0.016
19087,0.329,0.653,0.018
19089,0.358,0.631,0.011
19091,0.271,0.718,0.011
19093,0.239,0.749,0.012
19095,0.365,0.619,0.016
19097,0.362,0.624,0.013
19099,0.384,0.6,0.016
19101,0.484,0.498,0.018
19103,0.708,0.274,0.017
19105,0.384,0.599,0.017
19107,0.267,0.718,0.015
19109,0.297,0.691,0.012
19111,0.392,0.585,0.023
19113,0.558,0.42,0.023
19115,0.324,0.657,0.019
19117,0.278,0.711,0.011
19119,0.156,0.833,0.011
19121,0.32,0.664,0.017
19123,0.254,0.729,0.017
19125,0.322,0.66,0.018
19127,0.452,0.529,0.019
19129,0.304,0.678,0.017
19131,0.353,0.632,0.015
19133,0.298,0.689,0.012
19135,0.264,0.728,0.008
19137,0.298,0.688,0.015
19139,0.454,0.525,0.021
19141,0.208,0.777,0.015
19143,0.181,0.81,0.01
19145,0.277,0.707,0.015
19147,0.307,0.681,0.012
19149,0.247,0.741,0.013
19151,0.244,0.74,0.015
19153,0.567,0.414,0.019
19155,0.407,0.575,0.018
19157,0.425,0.559,0.016
19159,0.262,0.727,0.011
19161,0.251,0.735,0.014
19163,0.508,0.473,0.019
19165,0.289,0.693,0.018
19167,0.159,0.827,0.014
19169,0.574,0.4,0.026
19171,0.396,0.588,0.016
19173,0.23,0.76,0.01
19175,0.334,0.65,0.016
19177,0.232,0.756,0.012
19179,0.373,0.61,0.018
19181,0.406,0.575,0.019
19183,0.388,0.594,0.018
19185,0.234,0.753,0.012
19187,0.372,0.615,0.014
19189,0.359,0.623,0.018
19191,0.467,0.518,0.015
19193,0.414,0.57,0.016
19195,0.362,0.62,0.018
19197,0.32,0.663,0.018
20001,0.268,0.714,0.018
20003,0.206,0.773,0.022
20005,0.316,0.66,0.024
20007,0.123,0.861,0.016
20009,0.21,0.774,0.016
20011,0.231,0.753,0.017
20013,0.248,0.729,0.023
20015,0.282,0.697,0.022
20017,0.231,0.754,0.016
20019,0.13,0.855,0.015
20021,0.242,0.74,0.018
20023,0.157,0.827,0.016
20025,0.137,0.845,0.019
20027,0.214,0.759,0.026
20029,0.214,0.762,0.024
20031,0.209,0.767,0.024
20033,0.14,0.829,0.031
20035,0.3,0.679,0.021
20037,0.37,0.605,0.025
20039,0.143,0.845,0.012
20041,0.221,0.762,0.017
20043,0.184,0.803,0.013
20045,0.685,0.291,0.024
20047,0.189,0.798,0.013
20049,0.142,0.839,0.019
20051,0.269,0.709,0.022
20053,0.23,0.75,0.019
20055,0.362,0.617,0.02
20057,0.331,0.651,0.018
20059,0.296,0.68,0.024
20061,0.411,0.558,0.031
20063,0.114,0.876,0.01
20065,0.171,0.808,0.021
20067,0.203,0.779,0.018
20069,0.15,0.835,0.014
20071,0.123,0.855,0.022
20073,0.186,0.793,0.021
20075,0.16,0.817,0.023
20077,0.173,0.81,0.017
20079,0.391,0.588,0.021
20081,0.189,0.798,0.014
20083,0.146,0.838,0.016
20085,0.286,0.686,0.028
20087,0.325,0.649,0.026
20089,0.131,0.851,0.017
20091,0.529,0.45,0.021
20093,0.181,0.803,0.017
20095,0.191,0.793,0.016
20097,0.134,0.84,0.025
20099,0.31,0.67,0.02
20101,0.128,0.853,0.019
20103,0.381,0.592,0.027
20105,0.169,0.811,0.02
20107,0.176,0.804,0.02
20109,0.129,0.857,0.015
20111,0.431,0.542,0.027
20113,0.287,0.69,0.024
20115,0.245,0.733,0.022
20117,0.247,0.729,0.024
20119,0.144,0.835,0.021
20121,0.291,0.688,0.021
20123,0.18,0.808,0.013
20125,0.239,0.741,0.02
20127,0.253,0.732,0.015
20129,0.126,0.863,0.01
20131,0.164,0.82,0.017
20133,0.261,0.723,0.016
20135,0.099,0.884,0.017
20137,0.152,0.83,0.018
20139,0.266,0.71,0.024
20141,0.145,0.837,0.018
20143,0.16,0.817,0.023
20145,0.234,0.748,0.018
20147,0.114,0.87,0.016
20149,0.254,0.722,0.024
20151,0.225,0.752,0.023
20153,0.143,0.838,0.019
20155,0.317,0.662,0.021
20157,0.159,0.822,0.019
20159,0.225,0.753,0.021
20161,0.5,0.468,0.031
20163,0.125,0.862,0.013
20165,0.167,0.815,0.018
20167,0.172,0.806,0.021
20169,0.336,0.64,0.024
20171,0.125,0.858,0.018
20173,0.425,0.551,0.024
20175,0.341,0.644,0.015
20177,0.5,0.474,0.025
20179,0.103,0.885,0.011
20181,0.145,0.833,0.023
20183,0.157,0.829,0.014
20185,0.176,0.809,0.015
20187,0.192,0.791,0.017
20189,0.117,0.867,0.017
20191,0.237,0.742,0.021
20193,0.164,0.821,0.014
20195,0.148,0.837,0.015
20197,0.248,0.729,0.024
20199,0.054,0.933,0.014
20201,0.164,0.82,0.016
20203,0.153,0.836,0.011
20205,0.182,0.798,0.02
20207,0.189,0.795,0.015
20209,0.645,0.336,0.019
21001,0.159,0.83,0.011
21003,0.175,0.81,0.014
21005,0.253,0.729,0.018
21007,0.195,0.794,0.011
21009,0.256,0.731,0.014
21011,0.28,0.708,0.012
21013,0.178,0.81,0.011
21015,0.312,0.669,0.019
21017,0.342,0.642,0.016
21019,0.326,0.658,0.017
21021,0.366,0.613,0.021
21023,0.189,0.801,0.011
21025,0.23,0.753,0.017
21027,0.231,0.755,0.014
21029,0.251,0.732,0.017
21031,0.176,0.81,0.014
21033,0.223,0.763,0.014
21035,0.332,0.651,0.017
21037,0.397,0.583,0.02
21039,0.175,0.818,0.006
21041,0.27,0.714,0.016
21043,0.228,0.757,0.015
21045,0.128,0.862,0.01
21047,0.348,0.632,0.02
21049,0.331,0.651,0.017
21051,0.109,0.88,0.011
21053,0.122,0.868,0.01
21055,0.172,0.813,0.014
21057,0.153,0.837,0.01
21059,0.351,0.63,0.019
21061,0.2,0.788,0.012
21063,0.238,0.75,0.012
21065,0.207,0.78,0.013
21067,0.593,0.386,0.021
21069,0.209,0.783,0.008
21071,0.238,0.749,0.013
21073,0.485,0.495,0.019
21075,0.327,0.663,0.01
21077,0.214,0.768,0.019
21079,0.21,0.776,0.014
21081,0.199,0.786,0.016
21083,0.209,0.776,0.015
21085,0.2,0.789,0.011
21087,0.158,0.832,0.009
21089,0.268,0.719,0.013
21091,0.294,0.686,0.02
21093,0.37,0.61,0.021
21095,0.136,0.854,0.01
21097,0.271,0.715,0.014
21099,0.228,0.758,0.014
21101,0.369,0.615,0.015
21103,0.264,0.721,0.015
21105,0.208,0.779,0.012
21107,0.253,0.733,0.015
21109,0.099,0.892,0.009
21111,0.591,0.39,0.019
21113,0.326,0.651,0.022
21115,0.158,0.829,0.013
21117,0.393,0.586,0.021
21119,0.226,0.764,0.01
21121,0.159,0.83,0.011
21123,0.206,0.779,0.015
21125,0.159,0.827,0.014
21127,0.178,0.81,0.012
21129,0.173,0.812,0.015
21131,0.093,0.898,0.009
21133,0.197,0.791,0.012
21135,0.14,0.848,0.013
21137,0.206,0.778,0.016
21139,0.188,0.802,0.011
21141,0.251,0.734,0.015
21143,0.258,0.733,0.009
21145,0.334,0.651,0.015
21147,0.113,0.88,0.007
21149,0.225,0.76,0.016
21151,0.355,0.623,0.022
21153,0.223,0.766,0.011
21155,0.305,0.685,0.011
21157,0.231,0.755,0.013
21159,0.103,0.89,0.008
21161,0.297,0.688,0.015
21163,0.257,0.722,0.021
21165,0.242,0.745,0.013
21167,0.259,0.725,0.017
21169,0.194,0.79,0.016
21171,0.123,0.868,0.008
21173,0.283,0.701,0.017
21175,0.212,0.776,0.012
21177,0.249,0.738,0.013
21179,0.309,0.675,0.015
21181,0.281,0.709,0.01
21183,0.216,0.771,0.013
21185,0.382,0.597,0.021
21187,0.201,0.787,0.012
21189,0.114,0.881,0.005
21191,0.191,0.796,0.013
21193,0.222,0.765,0.013
21195,0.192,0.799,0.009
21197,0.248,0.734,0.018
21199,0.18,0.807,0.014
21201,0.221,0.771,0.008
21203,0.146,0.845,0.009
21205,0.386,0.596,0.018
21207,0.149,0.84,0.012
21209,0.365,0.614,0.021
21211,0.343,0.639,0.018
21213,0.307,0.674,0.019
21215,0.221,0.764,0.014
21217,0.237,0.75,0.014
21219,0.225,0.759,0.017
21221,0.243,0.744,0.013
21223,0.234,0.747,0.018
21225,0.233,0.755,0.013
21227,0.406,0.574,0.02
21229,0.264,0.72,0.016
21231,0.184,0.804,0.012
21233,0.236,0.752,0.012
21235,0.166,0.819,0.015
21237,0.282,0.704,0.014
21239,0.429,0.55,0.021
22001,0.191,0.795,0.014
22003,0.215,0.772,0.013
22005,0.327,0.653,0.02
22007,0.341,0.647,0.012
22009,0.288,0.696,0.017
22011,0.155,0.83,0.015
22013,0.435,0.552,0.013
22015,0.287,0.697,0.017
22017,0.525,0.458,0.017
22019,0.314,0.666,0.02
22021,0.156,0.835,0.009
22023,0.08,0.909,0.011
22025,0.261,0.729,0.01
22027,0.415,0.573,0.012
22029,0.36,0.629,0.011
22031,0.37,0.618,0.011
22033,0.555,0.425,0.02
22035,0.626,0.356,0.019
22037,0.407,0.577,0.016
22039,0.27,0.717,0.013
22041,0.274,0.717,0.009
22043,0.123,0.864,0.012
22045,0.337,0.65,0.013
22047,0.509,0.472,0.019
22049,0.281,0.707,0.013
22051,0.436,0.547,0.017
22053,0.216,0.77,0.014
22055,0.346,0.633,0.02
22057,0.191,0.794,0.015
22059,0.09,0.901,0.008
22061,0.392,0.587,0.021
22063,0.142,0.841,0.017
22065,0.568,0.413,0.018
22067,0.427,0.563,0.01
22069,0.417,0.565,0.018
22071,0.832,0.15,0.018
22073,0.375,0.611,0.014
22075,0.31,0.673,0.017
22077,0.379,0.607,0.015
22079,0.331,0.651,0.018
22081,0.398,0.584,0.018
22083,0.324,0.665,0.011
22085,0.163,0.828,0.009
22087,0.348,0.633,0.018
22089,0.344,0.639,0.017
22091,0.543,0.441,0.016
22093,0.517,0.473,0.01
22095,0.634,0.352,0.014
22097,0.422,0.563,0.015
22099,0.312,0.673,0.015
22101,0.347,0.639,0.014
22103,0.269,0.711,0.019
22105,0.328,0.656,0.017
22107,0.52,0.469,0.011
22109,0.242,0.743,0.015
22111,0.237,0.751,0.013
22113,0.183,0.803,0.014
22115,0.168,0.817,0.015
22117,0.306,0.682,0.012
22119,0.339,0.649,0.012
22121,0.44,0.545,0.015
22123,0.141,0.855,0.005
22125,0.367,0.616,0.017
22127,0.248,0.742,0.01
23001,0.47,0.499,0.031
23003,0.383,0.585,0.032
23005,0.665,0.308,0.028
23007,0.465,0.505,0.03
23009,0.549,0.424,0.027
23011,0.486,0.483,0.031
23013,0.587,0.388,0.025
23015,0.538,0.435,0.027
23017,0.44,0.528,0.031
23019,0.443,0.525,0.032
23021,0.353,0.607,0.04
23023,0.563,0.406,0.031
23025,0.371,0.603,0.026
23027,0.508,0.46,0.032
23029,0.385,0.592,0.023
23031,0.549,0.423,0.028
24001,0.3,0.685,0.015
24003,0.563,0.416,0.021
24005,0.623,0.359,0.018
24009,0.463,0.519,0.018
24011,0.324,0.654,0.022
24013,0.367,0.606,0.028
24015,0.356,0.623,0.022
24017,0.698,0.287,0.015
24019,0.43,0.55,0.02
24021,0.537,0.44,0.022
24023,0.211,0.77,0.019
24025,0.429,0.55,0.022
24027,0.714,0.267,0.019
24029,0.496,0.484,0.02
24031,0.791,0.192,0.016
24033,0.897,0.087,0.015
24035,0.356,0.623,0.021
24037,0.418,0.557,0.025
24039,0.419,0.567,0.014
24041,0.494,0.489,0.018
24043,0.386,0.596,0.018
24045,0.48,0.499,0.021
24047,0.398,0.588,0.014
24510,0.878,0.107,0.015
25001,0.613,0.37,0.017
25003,0.726,0.254,0.019
25005,0.55,0.432,0.018
25007,0.776,0.206,0.017
25009,0.636,0.346,0.017
25011,0.71,0.266,0.025
25013,0.579,0.402,0.019
25015,0.723,0.257,0.02
25017,0.717,0.265,0.018
25019,0.72,0.263,0.017
25021,0.673,0.31,0.017
25023,0.577,0.404,0.019
25025,0.808,0.178,0.014
25027,0.576,0.401,0.023
26001,0.303,0.686,0.01
26003,0.4,0.588,0.012
26005,0.364,0.617,0.019
26007,0.354,0.63,0.017
26009,0.374,0.611,0.015
26011,0.314,0.671,0.015
26013,0.366,0.622,0.011
26015,0.329,0.654,0.018
26017,0.437,0.547,0.016
26019,0.447,0.538,0.015
26021,0.455,0.528,0.017
26023,0.3,0.685,0.015
26025,0.436,0.546,0.018
26027,0.348,0.637,0.015
26029,0.408,0.579,0.013
26031,0.343,0.642,0.015
26033,0.377,0.605,0.018
26035,0.319,0.667,0.014
26037,0.459,0.524,0.018
26039,0.34,0.647,0.013
26041,0.36,0.624,0.016
26043,0.325,0.659,0.016
26045,0.487,0.495,0.019
26047,0.436,0.547,0.017
26049,0.54,0.446,0.015
26051,0.31,0.678,0.013
26053,0.432,0.556,0.012
26055,0.476,0.506,0.017
26057,0.35,0.633,0.017
26059,0.253,0.732,0.016
26061,0.419,0.561,0.02
26063,0.298,0.69,0.012
26065,0.652,0.33,0.018
26067,0.339,0.641,0.02
26069,0.35,0.635,0.015
26071,0.367,0.621,0.012
26073,0.479,0.504,0.018
26075,0.396,0.586,0.018
26077,0.584,0.396,0.02
26079,0.282,0.7,0.018
26081,0.521,0.459,0.02
26083,0.432,0.554,0.015
26085,0.362,0.624,0.014
26087,0.311,0.674,0.015
26089,0.52,0.469,0.011
26091,0.392,0.591,0.017
26093,0.379,0.605,0.015
26095,0.281,0.703,0.017
26097,0.375,0.614,0.011
26099,0.454,0.533,0.013
26101,0.417,0.568,0.015
26103,0.546,0.435,0.019
26105,0.394,0.592,0.014
26107,0.35,0.63,0.019
26109,0.342,0.644,0.014
26111,0.418,0.564,0.018
26113,0.225,0.759,0.016
26115,0.378,0.605,0.017
26117,0.302,0.68,0.018
26119,0.278,0.712,0.01
26121,0.494,0.488,0.018
26123,0.29,0.694,0.016
26125,0.564,0.423,0.013
26127,0.352,0.632,0.016
26129,0.292,0.693,0.015
26131,0.366,0.62,0.015
26133,0.261,0.724,0.015
26135,0.275,0.711,0.014
26137,0.321,0.663,0.016
26139,0.384,0.598,0.018
26141,0.349,0.64,0.011
26143,0.344,0.644,0.012
26145,0.494,0.491,0.014
26147,0.341,0.643,0.016
26149,0.331,0.649,0.02
26151,0.266,0.722,0.013
26153,0.335,0.651,0.014
26155,0.392,0.59,0.019
26157,0.296,0.69,0.015
26159,0.43,0.553,0.017
26161,0.727,0.26,0.013
26163,0.685,0.303,0.012
26165,0.32,0.663,0.018
27001,0.36,0.625,0.014
27003,0.479,0.498,0.022
27005,0.34,0.643,0.017
27007,0.473,0.505,0.021
27009,0.328,0.647,0.025
27011,0.355,0.627,0.018
27013,0.51,0.465,0.025
27015,0.326,0.655,0.02
27017,0.497,0.482,0.021
27019,0.465,0.514,0.02
27021,0.347,0.637,0.016
27023,0.337,0.644,0.019
27025,0.342,0.635,0.022
27027,0.509,0.468,0.023
27029,0.268,0.718,0.014
27031,0.659,0.318,0.023
27033,0.301,0.683,0.016
27035,0.343,0.641,0.017
27037,0.559,0.42,0.021
27039,0.336,0.64,0.024
27041,0.326,0.655,0.019
27043,0.321,0.658,0.022
27045,0.376,0.603,0.021
27047,0.41,0.57,0.019
27049,0.413,0.562,0.025
27051,0.356,0.622,0.022
27053,0.707,0.274,0.019
27055,0.425,0.555,0.02
27057,0.345,0.634,0.02
27059,0.295,0.683,0.022
27061,0.407,0.575,0.018
27063,0.3,0.679,0.021
27065,0.301,0.681,0.019
27067,0.362,0.619,0.019
27069,0.383,0.588,0.03
27071,0.385,0.598,0.017
27073,0.358,0.627,0.015
27075,0.508,0.472,0.02
27077,0.279,0.709,0.012
27079,0.338,0.642,0.02
27081,0.301,0.682,0.017
27083,0.36,0.621,0.019
27085,0.307,0.67,0.024
27087,0.483,0.496,0.021
27089,0.254,0.73,0.017
27091,0.301,0.681,0.018
27093,0.286,0.693,0.02
27095,0.3,0.679,0.021
27097,0.224,0.759,0.017
27099,0.461,0.519,0.02
27101,0.297,0.689,0.014
27103,0.505,0.473,0.023
27105,0.337,0.644,0.018
27107,0.409,0.569,0.022
27109,0.543,0.436,0.021
27111,0.329,0.655,0.015
27113,0.354,0.624,0.023
27115,0.339,0.642,0.019
27117,0.265,0.72,0.015
27119,0.349,0.634,0.017
27121,0.354,0.63,0.016
27123,0.718,0.263,0.02
27125,0.316,0.664,0.021
27127,0.285,0.698,0.017
27129,0.308,0.674,0.019
27131,0.489,0.49,0.021
27133,0.298,0.685,0.017
27135,0.26,0.721,0.018
27137,0.568,0.411,0.02
27139,0.456,0.523,0.021
27141,0.326,0.653,0.022
27143,0.286,0.695,0.018
27145,0.377,0.602,0.021
27147,0.376,0.601,0.024
27149,0.379,0.601,0.02
27151,0.344,0.639,0.016
27153,0.248,0.737,0.015
27155,0.355,0.629,0.016
27157,0.359,0.623,0.019
27159,0.264,0.72,0.015
27161,0.337,0.639,0.024
27163,0.536,0.444,0.02
27165,0.383,0.598,0.02
27167,0.299,0.679,0.022
27169,0.492,0.488,0.02
27171,0.346,0.632,0.022
27173,0.306,0.677,0.017
28001,0.575,0.414,0.01
28003,0.176,0.812,0.012
28005,0.364,0.626,0.01
28007,0.402,0.587,0.012
28009,0.391,0.599,0.009
28011,0.648,0.34,0.012
28013,0.289,0.702,0.01
28015,0.303,0.688,0.008
28017,0.468,0.513,0.019
28019,0.281,0.711,0.009
28021,0.848,0.136,0.017
28023,0.34,0.65,0.01
28025,0.574,0.41,0.016
28027,0.71,0.278,0.012
28029,0.502,0.485,0.013
28031,0.365,0.625,0.009
28033,0.371,0.61,0.019
28035,0.435,0.546,0.019
28037,0.332,0.655,0.013
28039,0.11,0.879,0.011
28041,0.166,0.825,0.009
28043,0.434,0.557,0.009
28045,0.215,0.77,0.015
28047,0.366,0.618,0.016
28049,0.736,0.251,0.013
28051,0.812,0.169,0.019
28053,0.72,0.267,0.013
28055,0.525,0.456,0.019
28057,0.115,0.872,0.012
28059,0.319,0.665,0.016
28061,0.497,0.492,0.011
28063,0.851,0.136,0.013
28065,0.579,0.408,0.013
28067,0.283,0.705,0.012
28069,0.61,0.378,0.012
28071,0.43,0.553,0.017
28073,0.258,0.727,0.015
28075,0.415,0.575,0.01
28077,0.342,0.648,0.011
28079,0.424,0.568,0.008
28081,0.33,0.655,0.015
28083,0.702,0.287,0.011
28085,0.3,0.691,0.009
28087,0.48,0.507,0.013
28089,0.435,0.553,0.012
28091,0.311,0.679,0.01
28093,0.509,0.478,0.012
28095,0.34,0.648,0.012
28097,0.418,0.575,0.007
28099,0.279,0.711,0.011
28101,0.302,0.687,0.011
28103,0.757,0.232,0.011
28105,0.521,0.456,0.023
28107,0.474,0.516,0.01
28109,0.173,0.815,0.012
28111,0.23,0.761,0.009
28113,0.499,0.489,0.012
28115,0.182,0.804,0.014
28117,0.202,0.786,0.011
28119,0.666,0.318,0.015
28121,0.267,0.72,0.013
28123,0.403,0.586,0.011
28125,0.671,0.315,0.014
28127,0.342,0.646,0.012
28129,0.215,0.775,0.009
28131,0.229,0.757,0.014
28133,0.7,0.289,0.01
28135,0.546,0.438,0.016
28137,0.319,0.665,0.015
28139,0.192,0.797,0.011
28141,0.116,0.868,0.016
28143,0.724,0.26,0.016
28145,0.17,0.818,0.012
28147,0.398,0.593,0.009
28149,0.496,0.492,0.012
28151,0.694,0.294,0.011
28153,0.36,0.627,0.013
28155,0.193,0.795,0.011
28157,0.666,0.321,0.013
28159,0.437,0.554,0.009
28161,0.426,0.562,0.012
28163,0.527,0.463,0.011
29001,0.359,0.62,0.021
29003,0.241,0.744,0.015
29005,0.2,0.781,0.018
29007,0.254,0.726,0.02
29009,0.189,0.797,0.014
29011,0.139,0.85,0.011
29013,0.199,0.784,0.017
29015,0.208,0.774,0.018
29017,0.125,0.864,0.011
29019,0.549,0.424,0.027
29021,0.367,0.613,0.019
29023,0.182,0.805,0.013
29025,0.192,0.796,0.013
29027,0.278,0.701,0.022
29029,0.228,0.76,0.013
29031,0.267,0.717,0.016
29033,0.173,0.818,0.009
29035,0.144,0.846,0.01
29037,0.332,0.648,0.02
29039,0.162,0.822,0.016
29041,0.225,0.763,0.012
29043,0.238,0.746,0.017
29045,0.2,0.787,0.013
29047,0.469,0.511,0.02
29049,0.266,0.716,0.018
29051,0.321,0.66,0.018
29053,0.259,0.722,0.019
29055,0.193,0.795,0.012
29057,0.159,0.829,0.012
29059,0.17,0.817,0.013
29061,0.191,0.794,0.015
29063,0.192,0.79,0.018
29065,0.148,0.838,0.014
29067,0.145,0.843,0.012
29069,0.211,0.781,0.008
29071,0.271,0.709,0.02
29073,0.202,0.785,0.013
29075,0.189,0.798,0.013
29077,0.389,0.59,0.021
29079,0.18,0.808,0.012
29081,0.156,0.836,0.008
29083,0.243,0.744,0.013
29085,0.208,0.781,0.011
29087,0.144,0.843,0.012
29089,0.278,0.698,0.025
29091,0.173,0.814,0.013
29093,0.206,0.783,0.011
29095,0.6,0.38,0.02
29097,0.259,0.721,0.021
29099,0.322,0.66,0.018
29101,0.301,0.67,0.029
29103,0.183,0.802,0.015
29105,0.166,0.82,0.015
29107,0.262,0.72,0.018
29109,0.18,0.806,0.015
29111,0.214,0.77,0.016
29113,0.227,0.753,0.019
29115,0.224,0.762,0.014
29117,0.209,0.78,0.012
29119,0.159,0.825,0.016
29121,0.212,0.775,0.013
29123,0.179,0.808,0.013
29125,0.171,0.816,0.014
29127,0.24,0.743,0.017
29129,0.125,0.866,0.009
29131,0.165,0.822,0.013
29133,0.248,0.744,0.009
29135,0.183,0.803,0.015
29137,0.208,0.776,0.016
29139,0.209,0.773,0.017
29141,0.203,0.784,0.013
29143,0.241,0.751,0.007
29145,0.204,0.78,0.016
29147,0.288,0.694,0.017
29149,0.174,0.812,0.015
29151,0.138,0.851,0.01
29153,0.155,0.835,0.01
29155,0.272,0.719,0.01
29157,0.176,0.81,0.013
29159,0.251,0.725,0.024
29161,0.288,0.689,0.023
29163,0.223,0.762,0.015
29165,0.48,0.5,0.02
29167,0.191,0.787,0.022
29169,0.259,0.717,0.024
29171,0.153,0.84,0.007
29173,0.213,0.776,0.011
29175,0.231,0.746,0.022
29177,0.267,0.716,0.017
29179,0.16,0.829,0.011
29181,0.146,0.846,0.008
29183,0.403,0.578,0.018
29185,0.199,0.79,0.011
29186,0.286,0.699,0.015
29187,0.252,0.733,0.016
29189,0.612,0.372,0.016
29195,0.305,0.678,0.017
29197,0.186,0.802,0.012
29199,0.195,0.787,0.018
29201,0.212,0.777,0.011
29203,0.181,0.81,0.009
29205,0.177,0.806,0.017
29207,0.135,0.855,0.009
29209,0.19,0.801,0.01
29211,0.193,0.799,0.008
29213,0.203,0.78,0.016
29215,0.152,0.838,0.011
29217,0.208,0.779,0.014
29219,0.26,0.72,0.021
29221,0.181,0.807,0.012
29223,0.144,0.849,0.008
29225,0.19,0.792,0.017
29227,0.194,0.792,0.014
29229,0.134,0.853,0.014
29510,0.823,0.161,0.017
30001,0.284,0.693,0.023
30003,0.521,0.461,0.018
30005,0.509,0.471,0.02
30007,0.204,0.775,0.022
30009,0.343,0.634,0.023
30011,0.086,0.897,0.017
30013,0.388,0.585,0.028
30015,0.334,0.638,0.028
30017,0.258,0.718,0.024
30019,0.192,0.788,0.02
30021,0.199,0.779,0.022
30023,0.524,0.447,0.029
30025,0.109,0.873,0.018
30027,0.23,0.748,0.022
30029,0.338,0.639,0.022
30031,0.522,0.447,0.031
30033,0.05,0.94,0.01
30035,0.643,0.335,0.022
30037,0.155,0.823,0.022
30039,0.303,0.675,0.021
30041,0.415,0.551,0.034
30043,0.322,0.656,0.022
30045,0.205,0.774,0.022
30047,0.416,0.561,0.023
30049,0.467,0.506,0.026
30051,0.23,0.758,0.012
30053,0.241,0.738,0.02
30055,0.137,0.848,0.015
30057,0.291,0.688,0.021
30059,0.232,0.75,0.017
30061,0.268,0.713,0.019
30063,0.606,0.369,0.025
30065,0.143,0.841,0.016
30067,0.456,0.521,0.023
30069,0.112,0.856,0.032
30071,0.175,0.813,0.013
30073,0.301,0.678,0.02
30075,0.136,0.854,0.011
30077,0.237,0.741,0.023
30079,0.169,0.81,0.02
30081,0.307,0.67,0.022
30083,0.151,0.828,0.021
30085,0.475,0.497,0.028
30087,0.318,0.659,0.023
30089,0.239,0.743,0.019
30091,0.283,0.691,0.026
30093,0.555,0.414,0.03
30095,0.202,0.78,0.018
30097,0.224,0.752,0.023
30099,0.274,0.709,0.017
30101,0.22,0.753,0.026
30103,0.17,0.811,0.02
30105,0.242,0.736,0.023
30107,0.211,0.771,0.019
30109,0.129,0.863,0.008
30111,0.366,0.606,0.028
31001,0.288,0.691,0.021
31003,0.126,0.863,0.011
31005,0.074,0.915,0.011
31007,0.105,0.883,0.012
31009,0.11,0.883,0.006
31011,0.155,0.825,0.02
31013,0.203,0.772,0.025
31015,0.117,0.876,0.007
31017,0.114,0.875,0.011
31019,0.269,0.705,0.025
31021,0.285,0.692,0.024
31023,0.194,0.787,0.018
31025,0.31,0.662,0.028
31027,0.145,0.835,0.019
31029,0.113,0.873,0.014
31031,0.114,0.871,0.015
31033,0.179,0.8,0.02
31035,0.178,0.8,0.022
31037,0.276,0.709,0.015
31039,0.196,0.788,0.017
31041,0.131,0.85,0.019
31043,0.404,0.578,0.018
31045,0.263,0.711,0.026
31047,0.272,0.711,0.017
31049,0.137,0.844,0.019
31051,0.211,0.757,0.031
31053,0.328,0.651,0.021
31055,0.547,0.433,0.02
31057,0.105,0.884,0.011
31059,0.221,0.753,0.026
31061,0.16,0.833,0.006
31063,0.131,0.854,0.015
31065,0.153,0.832,0.015
31067,0.306,0.673,0.021
31069,0.135,0.85,0.015
31071,0.125,0.867,0.008
31073,0.192,0.799,0.009
31075,0.05,0.933,0.017
31077,0.182,0.808,0.01
31079,0.315,0.664,0.021
31081,0.202,0.778,0.019
31083,0.146,0.838,0.016
31085,0.064,0.925,0.011
31087,0.119,0.86,0.02
31089,0.124,0.861,0.015
31091,0.134,0.851,0.016
31093,0.185,0.796,0.019
31095,0.273,0.704,0.023
31097,0.29,0.681,0.029
31099,0.194,0.783,0.023
31101,0.175,0.812,0.013
31103,0.093,0.9,0.008
31105,0.143,0.835,0.021
31107,0.193,0.792,0.015
31109,0.527,0.449,0.024
31111,0.216,0.764,0.02
31113,0.084,0.904,0.011
31115,0.165,0.815,0.02
31117,0.056,0.911,0.033
31119,0.22,0.758,0.022
31121,0.174,0.803,0.022
31123,0.151,0.826,0.023
31125,0.196,0.786,0.018
31127,0.269,0.709,0.022
31129,0.178,0.806,0.016
31131,0.299,0.679,0.021
31133,0.225,0.75,0.025
31135,0.129,0.856,0.016
31137,0.15,0.83,0.02
31139,0.12,0.864,0.016
31141,0.21,0.775,0.015
31143,0.184,0.797,0.02
31145,0.149,0.83,0.021
31147,0.241,0.745,0.014
31149,0.1,0.885,0.016
31151,0.344,0.629,0.026
31153,0.432,0.542,0.026
31155,0.262,0.715,0.023
31157,0.271,0.708,0.021
31159,0.267,0.71,0.023
31161,0.127,0.858,0.015
31163,0.202,0.779,0.019
31165,0.099,0.881,0.021
31167,0.168,0.81,0.021
31169,0.209,0.775,0.016
31171,0.105,0.883,0.012
31173,0.483,0.507,0.01
31175,0.176,0.812,0.011
31177,0.286,0.692,0.022
31179,0.243,0.727,0.029
31181,0.179,0.805,0.016
31183,0.118,0.873,0.01
31185,0.228,0.747,0.025
32001,0.237,0.727,0.036
32003,0.537,0.443,0.02
32005,0.339,0.634,0.027
32007,0.207,0.762,0.03
32009,0.152,0.821,0.027
32011,0.103,0.88,0.017
32013,0.217,0.756,0.026
32015,0.179,0.795,0.026
32017,0.135,0.845,0.02
32019,0.28,0.692,0.028
32021,0.355,0.609,0.036
32023,0.287,0.691,0.022
32027,0.236,0.746,0.018
32029,0.314,0.663,0.023
32031,0.508,0.463,0.029
32033,0.197,0.779,0.024
32510,0.428,0.542,0.03
33001,0.44,0.544,0.016
33003,0.501,0.486,0.013
33005,0.577,0.405,0.018
33007,0.463,0.522,0.016
33009,0.615,0.369,0.016
33011,0.53,0.453,0.017
33013,0.54,0.442,0.017
33015,0.503,0.482,0.015
33017,0.567,0.414,0.019
33019,0.508,0.472,0.02
34001,0.527,0.46,0.013
34003,0.577,0.412,0.011
34005,0.59,0.396,0.014
34007,0.661,0.326,0.013
34009,0.415,0.575,0.011
34011,0.525,0.464,0.011
34013,0.771,0.22,0.009
34015,0.502,0.483,0.015
34017,0.726,0.263,0.011
34019,0.469,0.512,0.019
34021,0.693,0.293,0.014
34023,0.606,0.381,0.012
34025,0.479,0.507,0.013
34027,0.515,0.471,0.014
34029,0.353,0.634,0.012
34031,0.575,0.413,0.012
34033,0.427,0.555,0.018
34035,0.597,0.388,0.014
34037,0.392,0.588,0.02
34039,0.673,0.316,0.011
34041,0.412,0.57,0.018
35001,0.609,0.36700000000000005,0.024
35003,0.256,0.73,0.013999999999999999
35005,0.284,0.698,0.018000000000000002
35006,0.5329999999999999,0.446,0.021
35007,0.434,0.544,0.022000000000000002
35009,0.285,0.6920000000000001,0.023
35011,0.256,0.728,0.016
35013,0.58,0.397,0.023
35015,0.23399999999999999,0.752,0.015
35017,0.526,0.45399999999999996,0.02
35019,0.564,0.419,0.017
35021,0.354,0.632,0.013999999999999999
35023,0.41700000000000004,0.5670000000000001,0.016
35025,0.19399999999999998,0.79,0.016
35027,0.31,0.674,0.017
35028,0.615,0.348,0.038
35029,0.44,0.544,0.016
35031,0.68,0.295,0.025
35033,0.65,0.336,0.013999999999999999
35035,0.36,0.616,0.024
35037,0.302,0.68,0.018000000000000002
35039,0.6609999999999999,0.325,0.013999999999999999
35041,0.273,0.701,0.026000000000000002
35043,0.53,0.446,0.024
35045,0.34600000000000003,0.629,0.026000000000000002
35047,0.684,0.297,0.019
35049,0.76,0.223,0.017
35051,0.381,0.596,0.023
35053,0.52,0.455,0.026000000000000002
35055,0.765,0.215,0.02
35057,0.322,0.655,0.023
35059,0.214,0.7759999999999999,0.01
35061,0.442,0.5379999999999999,0.02
36001,0.605,0.376,0.019
36003,0.292,0.683,0.025
36005,0.825,0.169,0.006
36007,0.507,0.473,0.021
36009,0.304,0.675,0.02
36011,0.444,0.536,0.021
36013,0.39,0.589,0.021
36015,0.366,0.613,0.022
36017,0.297,0.681,0.022
36019,0.462,0.523,0.016
36021,0.57,0.411,0.018
36023,0.479,0.498,0.023
36025,0.343,0.639,0.018
36027,0.484,0.5,0.015
36029,0.518,0.465,0.018
36031,0.459,0.524,0.017
36033,0.428,0.554,0.018
36035,0.288,0.694,0.018
36037,0.282,0.693,0.025
36039,0.368,0.611,0.021
36041,0.341,0.643,0.016
36043,0.294,0.688,0.018
36045,0.339,0.641,0.02
36047,0.741,0.252,0.007
36049,0.254,0.729,0.017
36051,0.397,0.58,0.023
36053,0.433,0.543,0.024
36055,0.593,0.385,0.022
36057,0.327,0.654,0.02
36059,0.533,0.456,0.01
36061,0.845,0.145,0.01
36063,0.396,0.585,0.019
36065,0.363,0.618,0.019
36067,0.565,0.413,0.023
36069,0.434,0.538,0.027
36071,0.442,0.545,0.013
36073,0.306,0.67,0.024
36075,0.388,0.59,0.022
36077,0.464,0.513,0.023
36079,0.454,0.533,0.013
36081,0.69,0.303,0.007
36083,0.517,0.461,0.022
36085,0.376,0.616,0.008
36087,0.44,0.551,0.009
36089,0.367,0.616,0.018
36091,0.463,0.515,0.022
36093,0.523,0.455,0.023
36095,0.341,0.631,0.028
36097,0.401,0.577,0.022
36099,0.392,0.585,0.023
36101,0.291,0.69,0.018
36103,0.432,0.556,0.012
36105,0.408,0.578,0.014
36107,0.384,0.592,0.024
36109,0.685,0.292,0.023
36111,0.549,0.432,0.019
36113,0.428,0.55,0.022
36115,0.362,0.618,0.021
36117,0.342,0.634,0.024
36119,0.63,0.359,0.011
36121,0.262,0.717,0.022
36123,0.395,0.581,0.025
37001,0.452,0.536,0.012
37003,0.205,0.786,0.008
37005,0.245,0.746,0.009
37007,0.518,0.476,0.007
37009,0.264,0.725,0.011
37011,0.232,0.76,0.008
37013,0.367,0.626,0.008
37015,0.606,0.389,0.005
37017,0.428,0.566,0.006
37019,0.37,0.621,0.009
37021,0.599,0.387,0.014
37023,0.295,0.697,0.009
37025,0.446,0.541,0.013
37027,0.24,0.751,0.009
37029,0.259,0.726,0.015
37031,0.284,0.705,0.012
37033,0.404,0.589,0.008
37035,0.309,0.68,0.012
37037,0.552,0.437,0.011
37039,0.219,0.77,0.011
37041,0.418,0.575,0.008
37043,0.247,0.743,0.01
37045,0.331,0.66,0.009
37047,0.358,0.637,0.005
37049,0.399,0.586,0.015
37051,0.575,0.409,0.016
37053,0.26,0.723,0.016
37055,0.411,0.576,0.012
37057,0.256,0.732,0.012
37059,0.266,0.722,0.012
37061,0.386,0.608,0.006
37063,0.807,0.181,0.012
37065,0.632,0.362,0.006
37067,0.563,0.424,0.013
37069,0.426,0.561,0.013
37071,0.355,0.634,0.011
37073,0.427,0.565,0.009
37075,0.194,0.796,0.009
37077,0.462,0.528,0.01
37079,0.438,0.557,0.004
37081,0.61,0.378,0.012
37083,0.604,0.392,0.004
37085,0.38,0.605,0.016
37087,0.36,0.626,0.013
37089,0.399,0.587,0.014
37091,0.668,0.328,0.004
37093,0.546,0.438,0.016
37095,0.42,0.57,0.01
37097,0.332,0.656,0.012
37099,0.449,0.531,0.019
37101,0.371,0.615,0.014
37103,0.398,0.594,0.008
37105,0.419,0.569,0.012
37107,0.479,0.514,0.007
37109,0.265,0.725,0.01
37111,0.254,0.735,0.011
37113,0.301,0.688,0.011
37115,0.376,0.612,0.012
37117,0.472,0.521,0.007
37119,0.669,0.317,0.014
37121,0.207,0.785,0.008
37123,0.337,0.655,0.008
37125,0.357,0.631,0.012
37127,0.497,0.495,0.008
37129,0.503,0.481,0.016
37131,0.601,0.395,0.005
37133,0.337,0.639,0.024
37135,0.751,0.238,0.011
37137,0.356,0.636,0.008
37139,0.495,0.492,0.012
37141,0.344,0.644,0.013
37143,0.334,0.656,0.01
37145,0.387,0.603,0.01
37147,0.541,0.446,0.013
37149,0.366,0.623,0.01
37151,0.213,0.777,0.01
37153,0.422,0.57,0.008
37155,0.404,0.59,0.006
37157,0.335,0.656,0.009
37159,0.316,0.673,0.011
37161,0.266,0.725,0.009
37163,0.384,0.609,0.007
37165,0.487,0.506,0.007
37167,0.24,0.751,0.009
37169,0.206,0.785,0.009
37171,0.238,0.753,0.009
37173,0.394,0.59,0.016
37175,0.415,0.572,0.013
37177,0.418,0.576,0.007
37179,0.373,0.615,0.012
37181,0.593,0.4,0.007
37183,0.625,0.359,0.016
37185,0.623,0.365,0.012
37187,0.548,0.448,0.004
37189,0.533,0.45,0.017
37191,0.437,0.554,0.01
37193,0.212,0.779,0.009
37195,0.51,0.481,0.008
37197,0.189,0.801,0.01
37199,0.326,0.663,0.011
38001,0.203,0.773,0.024
38003,0.328,0.643,0.029
38005,0.42,0.56,0.02
38007,0.114,0.853,0.033
38009,0.237,0.744,0.019
38011,0.138,0.844,0.018
38013,0.119,0.864,0.017
38015,0.284,0.688,0.027
38017,0.472,0.499,0.029
38019,0.235,0.745,0.02
38021,0.252,0.722,0.026
38023,0.221,0.754,0.025
38025,0.147,0.837,0.017
38027,0.304,0.678,0.018
38029,0.118,0.868,0.014
38031,0.211,0.77,0.019
38033,0.134,0.851,0.016
38035,0.419,0.553,0.028
38037,0.15,0.83,0.02
38039,0.247,0.726,0.027
38041,0.15,0.833,0.018
38043,0.152,0.833,0.015
38045,0.238,0.742,0.02
38047,0.119,0.868,0.013
38049,0.188,0.789,0.023
38051,0.181,0.798,0.021
38053,0.151,0.829,0.02
38055,0.223,0.76,0.017
38057,0.151,0.827,0.022
38059,0.234,0.74,0.026
38061,0.302,0.68,0.018
38063,0.331,0.645,0.024
38065,0.121,0.862,0.017
38067,0.237,0.743,0.02
38069,0.234,0.748,0.018
38071,0.307,0.669,0.024
38073,0.386,0.579,0.035
38075,0.167,0.809,0.024
38077,0.323,0.653,0.025
38079,0.653,0.331,0.016
38081,0.357,0.613,0.03
38083,0.129,0.852,0.02
38085,0.724,0.232,0.043
38087,0.103,0.892,0.005
38089,0.167,0.807,0.026
38091,0.362,0.603,0.035
38093,0.27,0.705,0.025
38095,0.271,0.708,0.021
38097,0.362,0.611,0.027
38099,0.281,0.7,0.02
38101,0.259,0.71,0.03
38103,0.187,0.8,0.014
38105,0.152,0.823,0.025
39001,0.178,0.813,0.01
39003,0.295,0.69,0.015
39005,0.248,0.735,0.017
39007,0.374,0.609,0.017
39009,0.566,0.418,0.016
39011,0.181,0.807,0.012
39013,0.276,0.712,0.012
39015,0.208,0.781,0.011
39017,0.373,0.613,0.014
39019,0.229,0.756,0.015
39021,0.254,0.731,0.016
39023,0.375,0.608,0.017
39025,0.309,0.675,0.016
39027,0.229,0.755,0.017
39029,0.268,0.717,0.015
39031,0.246,0.736,0.017
39033,0.238,0.746,0.016
39035,0.665,0.324,0.011
39037,0.175,0.81,0.015
39039,0.309,0.673,0.018
39041,0.458,0.527,0.015
39043,0.434,0.55,0.017
39045,0.376,0.61,0.015
39047,0.237,0.75,0.013
39049,0.649,0.335,0.016
39051,0.293,0.691,0.016
39053,0.217,0.771,0.012
39055,0.379,0.61,0.012
39057,0.393,0.588,0.019
39059,0.251,0.736,0.013
39061,0.572,0.413,0.015
39063,0.303,0.679,0.018
39065,0.231,0.751,0.018
39067,0.232,0.756,0.012
39069,0.275,0.71,0.015
39071,0.193,0.797,0.01
39073,0.281,0.705,0.015
39075,0.154,0.834,0.012
39077,0.287,0.696,0.017
39079,0.226,0.763,0.011
39081,0.301,0.685,0.014
39083,0.274,0.712,0.015
39085,0.425,0.562,0.013
39087,0.268,0.72,0.011
39089,0.351,0.632,0.017
39091,0.216,0.769,0.015
39093,0.48,0.506,0.014
39095,0.575,0.408,0.017
39097,0.288,0.696,0.016
39099,0.484,0.504,0.012
39101,0.297,0.684,0.019
39103,0.376,0.611,0.013
39105,0.228,0.759,0.013
39107,0.17,0.818,0.011
39109,0.27,0.714,0.016
39111,0.224,0.764,0.011
39113,0.503,0.481,0.016
39115,0.252,0.736,0.012
39117,0.219,0.763,0.018
39119,0.296,0.689,0.015
39121,0.184,0.81,0.006
39123,0.375,0.609,0.015
39125,0.235,0.748,0.017
39127,0.246,0.741,0.013
39129,0.259,0.729,0.013
39131,0.251,0.738,0.012
39133,0.43,0.555,0.014
39135,0.206,0.78,0.013
39137,0.16,0.824,0.016
39139,0.294,0.692,0.014
39141,0.317,0.669,0.014
39143,0.353,0.628,0.019
39145,0.283,0.706,0.011
39147,0.32,0.662,0.017
39149,0.178,0.808,0.014
39151,0.4,0.585,0.015
39153,0.541,0.445,0.014
39155,0.441,0.547,0.013
39157,0.293,0.692,0.015
39159,0.333,0.648,0.019
39161,0.205,0.779,0.016
39163,0.222,0.768,0.01
39165,0.339,0.646,0.015
39167,0.29,0.695,0.015
39169,0.307,0.678,0.016
39171,0.258,0.723,0.019
39173,0.453,0.529,0.018
39175,0.242,0.742,0.017
40001,0.195,0.786,0.019
40003,0.103,0.874,0.023
40005,0.142,0.846,0.012
40007,0.087,0.904,0.009
40009,0.132,0.851,0.017
40011,0.176,0.804,0.02
40013,0.208,0.773,0.019
40015,0.271,0.711,0.018
40017,0.27,0.703,0.027
40019,0.229,0.755,0.016
40021,0.34,0.634,0.026
40023,0.186,0.806,0.009
40025,0.066,0.92,0.013
40027,0.416,0.557,0.027
40029,0.148,0.828,0.024
40031,0.386,0.587,0.028
40033,0.153,0.823,0.024
40035,0.202,0.777,0.021
40037,0.216,0.764,0.021
40039,0.222,0.754,0.024
40041,0.201,0.786,0.013
40043,0.091,0.9,0.009
40045,0.086,0.901,0.012
40047,0.219,0.757,0.024
40049,0.171,0.813,0.016
40051,0.179,0.803,0.018
40053,0.126,0.861,0.014
40055,0.166,0.813,0.02
40057,0.19,0.801,0.01
40059,0.092,0.892,0.016
40061,0.156,0.831,0.013
40063,0.189,0.798,0.013
40065,0.2,0.778,0.022
40067,0.134,0.85,0.017
40069,0.174,0.81,0.017
40071,0.234,0.744,0.022
40073,0.132,0.854,0.014
40075,0.204,0.78,0.016
40077,0.179,0.809,0.012
40079,0.175,0.809,0.016
40081,0.175,0.807,0.018
40083,0.253,0.724,0.024
40085,0.174,0.811,0.015
40087,0.186,0.795,0.019
40089,0.162,0.827,0.011
40091,0.244,0.741,0.016
40093,0.092,0.889,0.018
40095,0.181,0.807,0.012
40097,0.215,0.767,0.018
40099,0.196,0.783,0.021
40101,0.32,0.659,0.021
40103,0.203,0.774,0.023
40105,0.162,0.822,0.016
40107,0.222,0.757,0.021
40109,0.481,0.492,0.027
40111,0.304,0.675,0.02
40113,0.292,0.688,0.02
40115,0.235,0.747,0.018
40117,0.201,0.776,0.023
40119,0.368,0.601,0.031
40121,0.21,0.773,0.017
40123,0.269,0.705,0.026
40125,0.258,0.718,0.024
40127,0.141,0.847,0.012
40129,0.092,0.888,0.02
40131,0.215,0.764,0.021
40133,0.258,0.721,0.021
40135,0.197,0.787,0.016
40137,0.166,0.817,0.018
40139,0.162,0.816,0.022
40141,0.221,0.767,0.013
40143,0.409,0.565,0.027
40145,0.239,0.74,0.02
40147,0.246,0.727,0.027
40149,0.125,0.855,0.019
40151,0.161,0.814,0.026
40153,0.129,0.849,0.022
41001,0.237,0.744,0.019
41003,0.685,0.284,0.031
41005,0.544,0.432,0.024
41007,0.546,0.428,0.026
41009,0.432,0.536,0.032
41011,0.386,0.592,0.022
41013,0.246,0.736,0.018
41015,0.408,0.571,0.021
41017,0.531,0.449,0.021
41019,0.299,0.677,0.024
41021,0.276,0.709,0.015
41023,0.203,0.775,0.022
41025,0.201,0.781,0.018
41027,0.675,0.304,0.021
41029,0.469,0.507,0.024
41031,0.37,0.606,0.024
41033,0.359,0.62,0.022
41035,0.284,0.693,0.024
41037,0.183,0.799,0.018
41039,0.609,0.364,0.026
41041,0.569,0.407,0.024
41043,0.367,0.603,0.03
41045,0.276,0.698,0.026
41047,0.492,0.481,0.027
41049,0.267,0.705,0.028
41051,0.799,0.18,0.021
41053,0.478,0.495,0.027
41055,0.215,0.764,0.021
41057,0.478,0.499,0.023
41059,0.324,0.649,0.027
41061,0.286,0.693,0.021
41063,0.317,0.663,0.02
41065,0.468,0.504,0.028
41067,0.661,0.313,0.027
41069,0.226,0.741,0.033
41071,0.465,0.504,0.031
42001,0.322,0.664,0.014
42003,0.596,0.392,0.012
42005,0.233,0.756,0.012
42007,0.398,0.589,0.013
42009,0.158,0.835,0.007
42011,0.452,0.534,0.014
42013,0.277,0.712,0.01
42015,0.267,0.716,0.017
42017,0.517,0.473,0.011
42019,0.331,0.657,0.013
42021,0.308,0.681,0.011
42023,0.261,0.728,0.012
42025,0.333,0.654,0.013
42027,0.517,0.469,0.014
42029,0.58,0.409,0.011
42031,0.24,0.748,0.012
42033,0.245,0.741,0.014
42035,0.312,0.675,0.013
42037,0.338,0.645,0.017
42039,0.308,0.68,0.012
42041,0.44,0.545,0.015
42043,0.536,0.451,0.013
42045,0.63,0.361,0.009
42047,0.268,0.718,0.014
42049,0.498,0.488,0.014
42051,0.328,0.665,0.008
42053,0.274,0.713,0.013
42055,0.278,0.709,0.014
42057,0.136,0.855,0.009
42059,0.278,0.712,0.01
42061,0.239,0.749,0.013
42063,0.307,0.682,0.011
42065,0.198,0.787,0.015
42067,0.187,0.801,0.012
42069,0.537,0.453,0.009
42071,0.413,0.572,0.015
42073,0.347,0.642,0.011
42075,0.334,0.652,0.014
42077,0.532,0.456,0.012
42079,0.423,0.567,0.01
42081,0.286,0.7,0.014
42083,0.261,0.724,0.015
42085,0.363,0.624,0.013
42087,0.214,0.775,0.011
42089,0.526,0.462,0.012
42091,0.626,0.364,0.01
42093,0.386,0.598,0.016
42095,0.498,0.491,0.012
42097,0.3,0.685,0.016
42099,0.241,0.742,0.017
42101,0.814,0.179,0.007
42103,0.4,0.59,0.01
42105,0.19,0.799,0.011
42107,0.294,0.692,0.014
42109,0.257,0.731,0.013
42111,0.213,0.776,0.01
42113,0.256,0.728,0.016
42115,0.286,0.7,0.014
42117,0.235,0.747,0.018
42119,0.372,0.614,0.014
42121,0.286,0.7,0.014
42123,0.294,0.689,0.017
42125,0.381,0.608,0.011
42127,0.327,0.663,0.009
42129,0.352,0.637,0.011
42131,0.317,0.669,0.015
42133,0.37,0.615,0.015
44001,0.639,0.345,0.016
44003,0.53,0.454,0.016
44005,0.642,0.343,0.015
44007,0.608,0.378,0.014
44009,0.589,0.395,0.016
45001,0.33,0.661,0.009
45003,0.379,0.606,0.016
45005,0.756,0.232,0.011
45007,0.283,0.703,0.014
45009,0.619,0.373,0.008
45011,0.457,0.532,0.011
45013,0.444,0.544,0.013
45015,0.433,0.549,0.018
45017,0.471,0.519,0.01
45019,0.555,0.426,0.019
45021,0.276,0.714,0.01
45023,0.44,0.55,0.01
45025,0.394,0.599,0.008
45027,0.493,0.5,0.007
45029,0.446,0.541,0.013
45031,0.469,0.519,0.011
45033,0.491,0.502,0.006
45035,0.438,0.542,0.02
45037,0.372,0.615,0.013
45039,0.608,0.381,0.011
45041,0.483,0.506,0.011
45043,0.431,0.559,0.01
45045,0.399,0.581,0.02
45047,0.38,0.607,0.013
45049,0.572,0.42,0.008
45051,0.329,0.661,0.01
45053,0.499,0.492,0.009
45055,0.378,0.609,0.014
45057,0.38,0.608,0.013
45059,0.333,0.656,0.011
45061,0.632,0.357,0.011
45063,0.341,0.642,0.017
45065,0.472,0.519,0.009
45067,0.603,0.388,0.008
45069,0.549,0.441,0.01
45071,0.374,0.614,0.012
45073,0.256,0.73,0.014
45075,0.662,0.33,0.008
45077,0.237,0.746,0.017
45079,0.684,0.301,0.015
45081,0.319,0.67,0.011
45083,0.356,0.629,0.015
45085,0.56,0.429,0.011
45087,0.372,0.617,0.01
45089,0.644,0.346,0.01
45091,0.41,0.574,0.016
46003,0.226,0.749,0.026
46005,0.298,0.679,0.023
46007,0.394,0.587,0.019
46009,0.24,0.745,0.015
46011,0.419,0.549,0.031
46013,0.373,0.603,0.024
46015,0.27,0.703,0.027
46017,0.641,0.333,0.025
46019,0.196,0.777,0.028
46021,0.134,0.856,0.01
46023,0.311,0.675,0.014
46025,0.236,0.742,0.022
46027,0.541,0.431,0.028
46029,0.291,0.681,0.028
46031,0.485,0.504,0.011
46033,0.277,0.701,0.022
46035,0.313,0.664,0.023
46037,0.355,0.631,0.015
46039,0.259,0.723,0.018
46041,0.575,0.402,0.023
46043,0.127,0.86,0.014
46045,0.21,0.775,0.015
46047,0.261,0.712,0.028
46049,0.168,0.816,0.017
46051,0.282,0.699,0.019
46053,0.202,0.784,0.014
46055,0.092,0.902,0.005
46057,0.21,0.769,0.021
46059,0.203,0.78,0.016
46061,0.233,0.751,0.016
46063,0.06,0.92,0.02
46065,0.339,0.633,0.028
46067,0.202,0.781,0.016
46069,0.191,0.794,0.014
46071,0.322,0.662,0.016
46073,0.268,0.717,0.015
46075,0.15,0.831,0.018
46077,0.295,0.685,0.02
46079,0.352,0.627,0.021
46081,0.328,0.633,0.039
46083,0.37,0.606,0.025
46085,0.329,0.653,0.019
46087,0.265,0.713,0.022
46089,0.168,0.812,0.02
46091,0.394,0.591,0.015
46093,0.24,0.722,0.037
46095,0.388,0.584,0.029
46097,0.281,0.692,0.027
46099,0.439,0.533,0.028
46101,0.368,0.609,0.024
46102,0.884,0.093,0.023
46103,0.358,0.61,0.032
46105,0.143,0.839,0.017
46107,0.164,0.825,0.01
46109,0.424,0.558,0.017
46111,0.217,0.764,0.019
46115,0.316,0.665,0.019
46117,0.255,0.728,0.017
46119,0.199,0.781,0.02
46121,0.773,0.209,0.017
46123,0.184,0.802,0.015
46125,0.25,0.723,0.026
46127,0.308,0.671,0.021
46129,0.219,0.762,0.019
46135,0.368,0.604,0.028
46137,0.531,0.446,0.023
47001,0.33,0.652,0.018
47003,0.233,0.752,0.015
47005,0.211,0.781,0.009
47007,0.169,0.821,0.011
47009,0.269,0.712,0.019
47011,0.215,0.768,0.017
47013,0.163,0.826,0.011
47015,0.192,0.792,0.016
47017,0.215,0.773,0.012
47019,0.185,0.8,0.015
47021,0.272,0.713,0.015
47023,0.186,0.785,0.029
47025,0.17,0.819,0.011
47027,0.21,0.78,0.011
47029,0.17,0.819,0.011
47031,0.235,0.736,0.028
47033,0.226,0.764,0.01
47035,0.208,0.78,0.012
47037,0.645,0.324,0.031
47039,0.173,0.807,0.021
47041,0.205,0.784,0.011
47043,0.251,0.725,0.024
47045,0.209,0.78,0.01
47047,0.305,0.683,0.012
47049,0.139,0.852,0.009
47051,0.254,0.731,0.014
47053,0.259,0.728,0.013
47055,0.25,0.741,0.009
47057,0.144,0.845,0.01
47059,0.185,0.793,0.022
47061,0.169,0.82,0.011
47063,0.223,0.764,0.013
47065,0.441,0.539,0.02
47067,0.132,0.864,0.004
47069,0.416,0.573,0.012
47071,0.154,0.828,0.018
47073,0.164,0.822,0.014
47075,0.539,0.45,0.011
47077,0.174,0.815,0.011
47079,0.236,0.747,0.017
47081,0.217,0.771,0.013
47083,0.236,0.738,0.026
47085,0.245,0.743,0.012
47087,0.213,0.773,0.013
47089,0.197,0.79,0.013
47091,0.159,0.83,0.011
47093,0.414,0.565,0.02
47095,0.259,0.734,0.008
47097,0.356,0.633,0.011
47099,0.171,0.819,0.01
47101,0.191,0.798,0.011
47103,0.187,0.787,0.026
47105,0.237,0.74,0.023
47107,0.191,0.797,0.013
47109,0.173,0.806,0.021
47111,0.138,0.853,0.009
47113,0.427,0.558,0.014
47115,0.24,0.748,0.013
47117,0.242,0.742,0.016
47119,0.309,0.675,0.016
47121,0.182,0.807,0.01
47123,0.181,0.807,0.012
47125,0.423,0.55,0.027
47127,0.162,0.816,0.022
47129,0.141,0.843,0.016
47131,0.191,0.798,0.011
47133,0.202,0.789,0.009
47135,0.179,0.81,0.011
47137,0.179,0.812,0.009
47139,0.178,0.812,0.009
47141,0.273,0.708,0.019
47143,0.174,0.811,0.016
47145,0.233,0.742,0.025
47147,0.258,0.728,0.014
47149,0.412,0.567,0.021
47151,0.109,0.884,0.007
47153,0.179,0.808,0.013
47155,0.2,0.776,0.024
47157,0.644,0.34,0.016
47159,0.199,0.788,0.013
47161,0.196,0.787,0.018
47163,0.232,0.752,0.016
47165,0.299,0.685,0.016
47167,0.25,0.735,0.015
47169,0.253,0.734,0.013
47171,0.194,0.795,0.011
47173,0.154,0.837,0.009
47175,0.186,0.802,0.012
47177,0.247,0.738,0.015
47179,0.306,0.675,0.018
47181,0.123,0.869,0.008
47183,0.22,0.757,0.023
47185,0.18,0.808,0.012
47187,0.361,0.622,0.017
47189,0.3,0.677,0.024
48001,0.205,0.786,0.008
48003,0.145,0.843,0.012
48005,0.264,0.725,0.01
48007,0.237,0.753,0.011
48009,0.093,0.897,0.01
48011,0.067,0.931,0.002
48013,0.324,0.665,0.011
48015,0.204,0.785,0.011
48017,0.22,0.772,0.009
48019,0.197,0.791,0.012
48021,0.422,0.56,0.018
48023,0.107,0.88,0.014
48025,0.349,0.638,0.013
48027,0.446,0.535,0.019
48029,0.583,0.402,0.015
48031,0.257,0.732,0.011
48033,0.039,0.959,0.002
48035,0.171,0.819,0.011
48037,0.28,0.71,0.01
48039,0.401,0.584,0.015
48041,0.416,0.56,0.024
48043,0.469,0.51,0.021
48045,0.106,0.883,0.011
48047,0.592,0.402,0.006
48049,0.132,0.858,0.01
48051,0.208,0.783,0.009
48053,0.228,0.76,0.012
48055,0.443,0.541,0.016
48057,0.273,0.718,0.009
48059,0.108,0.88,0.013
48061,0.561,0.43,0.009
48063,0.275,0.717,0.008
48065,0.094,0.893,0.013
48067,0.201,0.793,0.007
48069,0.224,0.769,0.007
48071,0.185,0.802,0.014
48073,0.216,0.774,0.01
48075,0.135,0.854,0.011
48077,0.107,0.883,0.01
48079,0.177,0.809,0.014
48081,0.12,0.872,0.008
48083,0.109,0.883,0.008
48085,0.471,0.514,0.015
48087,0.128,0.862,0.011
48089,0.243,0.751,0.007
48091,0.277,0.708,0.015
48093,0.14,0.851,0.009
48095,0.155,0.834,0.01
48097,0.169,0.821,0.01
48099,0.322,0.657,0.021
48101,0.17,0.817,0.013
48103,0.161,0.83,0.009
48105,0.219,0.775,0.006
48107,0.27,0.715,0.015
48109,0.507,0.48,0.013
48111,0.122,0.864,0.014
48113,0.651,0.334,0.015
48115,0.213,0.779,0.008
48117,0.274,0.715,0.011
48119,0.156,0.834,0.01
48121,0.452,0.533,0.016
48123,0.184,0.809,0.007
48125,0.132,0.863,0.005
48127,0.618,0.378,0.005
48129,0.12,0.873,0.007
48131,0.509,0.484,0.007
48133,0.119,0.873,0.009
48135,0.255,0.734,0.012
48137,0.156,0.839,0.005
48139,0.322,0.664,0.014
48141,0.665,0.32,0.016
48143,0.173,0.812,0.015
48145,0.31,0.681,0.009
48147,0.176,0.812,0.012
48149,0.205,0.786,0.008
48151,0.193,0.793,0.014
48153,0.215,0.777,0.008
48155,0.18,0.808,0.013
48157,0.547,0.441,0.012
48159,0.161,0.831,0.009
48161,0.188,0.803,0.01
48163,0.46,0.534,0.006
48165,0.096,0.893,0.011
48167,0.379,0.606,0.015
48169,0.14,0.855,0.005
48171,0.2,0.79,0.01
48173,0.06,0.936,0.005
48175,0.219,0.775,0.006
48177,0.251,0.739,0.009
48179,0.106,0.879,0.015
48181,0.242,0.745,0.013
48183,0.309,0.678,0.014
48185,0.228,0.76,0.012
48187,0.371,0.613,0.016
48189,0.238,0.749,0.013
48191,0.143,0.852,0.004
48193,0.148,0.831,0.021
48195,0.081,0.904,0.015
48197,0.153,0.842,0.006
48199,0.125,0.864,0.011
48201,0.56,0.427,0.014
48203,0.265,0.724,0.011
48205,0.094,0.899,0.007
48207,0.16,0.831,0.009
48209,0.544,0.436,0.02
48211,0.12,0.864,0.016
48213,0.195,0.796,0.009
48215,0.581,0.41,0.01
48217,0.191,0.8,0.01
48219,0.183,0.808,0.009
48221,0.173,0.815,0.012
48223,0.191,0.798,0.011
48225,0.245,0.748,0.007
48227,0.201,0.787,0.012
48229,0.321,0.666,0.013
48231,0.231,0.756,0.013
48233,0.109,0.876,0.014
48235,0.135,0.854,0.011
48237,0.088,0.904,0.009
48239,0.164,0.824,0.012
48241,0.188,0.805,0.007
48243,0.384,0.601,0.015
48245,0.486,0.502,0.012
48247,0.589,0.409,0.003
48249,0.446,0.547,0.007
48251,0.229,0.759,0.013
48253,0.148,0.84,0.012
48255,0.233,0.758,0.009
48257,0.324,0.664,0.012
48259,0.228,0.76,0.013
48261,0.335,0.655,0.01
48263,0.102,0.89,0.009
48265,0.235,0.753,0.012
48267,0.124,0.867,0.009
48269,0.05,0.95,0
48271,0.278,0.714,0.008
48273,0.485,0.503,0.011
48275,0.182,0.81,0.008
48277,0.207,0.783,0.009
48279,0.19,0.8,0.01
48281,0.206,0.778,0.016
48283,0.437,0.555,0.008
48285,0.131,0.864,0.005
48287,0.216,0.774,0.01
48289,0.124,0.868,0.008
48291,0.197,0.794,0.008
48293,0.243,0.746,0.01
48295,0.097,0.89,0.013
48297,0.162,0.831,0.007
48299,0.238,0.753,0.009
48301,0.061,0.909,0.03
48303,0.331,0.654,0.016
48305,0.187,0.808,0.005
48307,0.143,0.845,0.012
48309,0.375,0.61,0.016
48311,0.103,0.891,0.006
48313,0.205,0.788,0.008
48315,0.275,0.714,0.011
48317,0.133,0.86,0.007
48319,0.21,0.782,0.008
48321,0.272,0.717,0.011
48323,0.543,0.449,0.009
48325,0.298,0.692,0.01
48327,0.192,0.801,0.008
48329,0.209,0.776,0.015
48331,0.235,0.756,0.009
48333,0.108,0.885,0.007
48335,0.154,0.841,0.005
48337,0.112,0.878,0.01
48339,0.274,0.713,0.014
48341,0.193,0.792,0.016
48343,0.3,0.692,0.008
48345,0.071,0.926,0.003
48347,0.336,0.649,0.014
48349,0.267,0.722,0.011
48351,0.193,0.801,0.006
48353,0.217,0.771,0.012
48355,0.478,0.508,0.014
48357,0.096,0.891,0.013
48359,0.08,0.909,0.011
48361,0.177,0.811,0.012
48363,0.174,0.815,0.01
48365,0.18,0.814,0.006
48367,0.171,0.815,0.014
48369,0.184,0.805,0.01
48371,0.296,0.689,0.015
48373,0.222,0.768,0.009
48375,0.297,0.685,0.017
48377,0.66,0.325,0.015
48379,0.139,0.852,0.009
48381,0.198,0.786,0.016
48383,0.153,0.838,0.009
48385,0.162,0.829,0.01
48387,0.214,0.778,0.007
48389,0.379,0.611,0.01
48391,0.329,0.657,0.014
48393,0.031,0.962,0.007
48395,0.292,0.698,0.01
48397,0.314,0.672,0.013
48399,0.125,0.864,0.011
48401,0.217,0.774,0.009
48403,0.121,0.873,0.006
48405,0.245,0.752,0.004
48407,0.185,0.804,0.011
48409,0.347,0.638,0.015
48411,0.11,0.887,0.003
48413,0.182,0.811,0.007
48415,0.14,0.849,0.012
48417,0.08,0.911,0.009
48419,0.205,0.791,0.004
48421,0.092,0.894,0.014
48423,0.296,0.69,0.014
48425,0.156,0.831,0.013
48427,0.521,0.471,0.009
48429,0.104,0.891,0.005
48431,0.08,0.914,0.006
48433,0.158,0.836,0.007
48435,0.207,0.785,0.008
48437,0.203,0.783,0.014
48439,0.493,0.491,0.016
48441,0.264,0.718,0.018
48443,0.26,0.729,0.011
48445,0.21,0.778,0.012
48447,0.092,0.902,0.007
48449,0.271,0.718,0.011
48451,0.27,0.716,0.014
48453,0.717,0.265,0.018
48455,0.191,0.804,0.005
48457,0.146,0.848,0.007
48459,0.152,0.837,0.011
48461,0.124,0.862,0.015
48463,0.394,0.597,0.009
48465,0.444,0.544,0.012
48467,0.133,0.859,0.008
48469,0.304,0.683,0.013
48471,0.334,0.651,0.015
48473,0.359,0.628,0.012
48475,0.189,0.803,0.009
48477,0.244,0.744,0.011
48479,0.611,0.379,0.01
48481,0.28,0.712,0.009
48483,0.072,0.924,0.004
48485,0.285,0.698,0.017
48487,0.211,0.779,0.01
48489,0.555,0.437,0.007
48491,0.497,0.483,0.02
48493,0.254,0.738,0.008
48495,0.168,0.825,0.007
48497,0.153,0.836,0.011
48499,0.154,0.837,0.009
48501,0.159,0.827,0.014
48503,0.126,0.863,0.011
48505,0.471,0.525,0.004
48507,0.654,0.34,0.006
49001,0.116,0.869,0.015
49003,0.166,0.797,0.037
49005,0.289,0.661,0.05
49007,0.261,0.709,0.029
49009,0.178,0.802,0.02
49011,0.339,0.613,0.049
49013,0.098,0.882,0.02
49015,0.118,0.865,0.017
49017,0.188,0.79,0.022
49019,0.544,0.431,0.025
49021,0.197,0.763,0.04
49023,0.11,0.867,0.023
49025,0.259,0.717,0.024
49027,0.103,0.876,0.021
49029,0.17,0.793,0.038
49031,0.099,0.888,0.014
49033,0.132,0.849,0.019
49035,0.536,0.425,0.039
49037,0.451,0.516,0.033
49039,0.142,0.828,0.03
49041,0.105,0.874,0.022
49043,0.588,0.39,0.022
49045,0.284,0.667,0.049
49047,0.109,0.867,0.024
49049,0.268,0.678,0.054
49051,0.354,0.612,0.034
49053,0.227,0.744,0.029
49055,0.225,0.758,0.017
49057,0.366,0.591,0.043
50001,0.684,0.287,0.029
50003,0.623,0.349,0.027
50005,0.56,0.407,0.033
50007,0.762,0.214,0.024
50009,0.43,0.542,0.028
50011,0.53,0.439,0.031
50013,0.603,0.376,0.021
50015,0.69,0.281,0.03
50017,0.605,0.363,0.032
50019,0.51,0.464,0.026
50021,0.539,0.434,0.027
50023,0.718,0.254,0.028
50025,0.724,0.249,0.027
50027,0.683,0.291,0.026
51001,0.447,0.541,0.011
51003,0.661,0.324,0.016
51005,0.274,0.715,0.011
51007,0.306,0.684,0.01
51009,0.334,0.651,0.015
51011,0.262,0.725,0.013
51013,0.813,0.172,0.014
51015,0.257,0.729,0.014
51017,0.259,0.735,0.006
51019,0.251,0.734,0.015
51021,0.153,0.835,0.011
51023,0.271,0.717,0.013
51025,0.573,0.423,0.004
51027,0.16,0.836,0.004
51029,0.428,0.56,0.011
51031,0.271,0.713,0.016
51033,0.471,0.513,0.016
51035,0.182,0.81,0.008
51036,0.591,0.397,0.012
51037,0.375,0.617,0.008
51041,0.526,0.459,0.014
51043,0.422,0.559,0.019
51045,0.186,0.802,0.013
51047,0.393,0.592,0.015
51049,0.42,0.57,0.01
51051,0.206,0.788,0.006
51053,0.413,0.577,0.01
51057,0.492,0.498,0.009
51059,0.704,0.282,0.013
51061,0.404,0.578,0.018
51063,0.32,0.664,0.016
51065,0.469,0.516,0.014
51067,0.283,0.705,0.012
51069,0.354,0.629,0.016
51071,0.235,0.751,0.014
51073,0.313,0.669,0.018
51075,0.396,0.59,0.014
51077,0.189,0.804,0.007
51079,0.369,0.609,0.021
51081,0.576,0.419,0.005
51083,0.421,0.572,0.008
51085,0.358,0.627,0.016
51087,0.639,0.348,0.013
51089,0.35,0.641,0.009
51091,0.272,0.713,0.014
51093,0.401,0.585,0.014
51095,0.517,0.469,0.014
51097,0.387,0.597,0.016
51099,0.381,0.596,0.022
51101,0.304,0.683,0.013
51103,0.472,0.518,0.01
51105,0.15,0.842,0.008
51107,0.619,0.367,0.014
51109,0.378,0.608,0.014
51111,0.403,0.59,0.007
51113,0.333,0.654,0.013
51115,0.314,0.671,0.015
51117,0.42,0.573,0.007
51119,0.368,0.62,0.011
51121,0.518,0.461,0.021
51125,0.462,0.514,0.025
51127,0.32,0.668,0.012
51131,0.545,0.44,0.015
51133,0.417,0.576,0.007
51135,0.42,0.57,0.01
51137,0.386,0.601,0.013
51139,0.241,0.748,0.011
51141,0.205,0.786,0.009
51143,0.296,0.695,0.008
51145,0.27,0.714,0.016
51147,0.521,0.465,0.014
51149,0.408,0.581,0.011
51153,0.628,0.357,0.014
51155,0.284,0.7,0.016
51157,0.422,0.566,0.011
51159,0.37,0.623,0.008
51161,0.383,0.601,0.016
51163,0.331,0.655,0.013
51165,0.29,0.695,0.015
51167,0.178,0.814,0.009
51169,0.156,0.836,0.008
51171,0.289,0.696,0.015
51173,0.213,0.777,0.009
51175,0.406,0.586,0.009
51177,0.457,0.525,0.017
51179,0.508,0.475,0.017
51181,0.537,0.454,0.009
51183,0.556,0.437,0.007
51185,0.16,0.833,0.008
51187,0.314,0.669,0.017
51191,0.231,0.758,0.011
51193,0.454,0.537,0.009
51195,0.188,0.806,0.007
51197,0.209,0.78,0.011
51199,0.458,0.524,0.018
51510,0.81,0.178,0.013
51520,0.297,0.687,0.016
51530,0.299,0.675,0.026
51540,0.859,0.128,0.013
51550,0.524,0.459,0.017
51570,0.326,0.659,0.015
51580,0.372,0.609,0.019
51590,0.606,0.384,0.01
51595,0.678,0.317,0.005
51600,0.685,0.299,0.015
51610,0.817,0.17,0.013
51620,0.624,0.367,0.009
51630,0.666,0.316,0.019
51640,0.295,0.698,0.007
51650,0.704,0.281,0.015
51660,0.649,0.329,0.021
51670,0.565,0.418,0.017
51678,0.653,0.33,0.018
51680,0.501,0.475,0.024
51683,0.613,0.37,0.017
51685,0.658,0.326,0.017
51690,0.627,0.361,0.012
51700,0.656,0.326,0.018
51710,0.72,0.262,0.018
51720,0.291,0.696,0.013
51730,0.88,0.113,0.008
51735,0.263,0.717,0.021
51740,0.697,0.287,0.016
51750,0.534,0.443,0.023
51760,0.834,0.15,0.015
51770,0.62,0.362,0.018
51775,0.395,0.589,0.017
51790,0.54,0.441,0.019
51800,0.58,0.406,0.015
51810,0.518,0.464,0.019
51820,0.465,0.516,0.02
51830,0.7,0.287,0.013
51840,0.549,0.434,0.018
53001,0.309,0.671,0.02
53003,0.359,0.615,0.026
53005,0.377,0.591,0.031
53007,0.448,0.53,0.021
53009,0.504,0.471,0.025
53011,0.513,0.462,0.025
53013,0.269,0.707,0.024
53015,0.399,0.574,0.027
53017,0.369,0.612,0.02
53019,0.341,0.637,0.021
53021,0.413,0.561,0.026
53023,0.246,0.722,0.031
53025,0.314,0.662,0.024
53027,0.455,0.519,0.026
53029,0.546,0.424,0.029
53031,0.698,0.281,0.021
53033,0.755,0.224,0.021
53035,0.573,0.391,0.037
53037,0.433,0.542,0.025
53039,0.442,0.537,0.021
53041,0.322,0.653,0.026
53043,0.245,0.736,0.019
53045,0.466,0.504,0.03
53047,0.42,0.56,0.019
53049,0.485,0.496,0.019
53051,0.306,0.672,0.023
53053,0.542,0.429,0.029
53055,0.745,0.232,0.023
53057,0.525,0.449,0.026
53059,0.439,0.535,0.026
53061,0.59,0.382,0.029
53063,0.463,0.506,0.03
53065,0.28,0.699,0.021
53067,0.579,0.391,0.03
53069,0.393,0.585,0.022
53071,0.449,0.523,0.029
53073,0.608,0.367,0.025
53075,0.532,0.435,0.033
53077,0.451,0.528,0.021
54001,0.218,0.766,0.016
54003,0.334,0.646,0.021
54005,0.227,0.756,0.017
54007,0.257,0.727,0.015
54009,0.277,0.708,0.015
54011,0.401,0.581,0.017
54013,0.191,0.796,0.013
54015,0.191,0.796,0.013
54017,0.14,0.845,0.015
54019,0.3,0.687,0.013
54021,0.225,0.756,0.019
54023,0.11,0.884,0.006
54025,0.294,0.689,0.017
54027,0.192,0.797,0.011
54029,0.275,0.711,0.015
54031,0.218,0.768,0.014
54033,0.303,0.679,0.019
54035,0.237,0.747,0.015
54037,0.438,0.543,0.02
54039,0.418,0.564,0.018
54041,0.206,0.775,0.018
54043,0.219,0.768,0.014
54045,0.179,0.809,0.012
54047,0.204,0.789,0.007
54049,0.345,0.632,0.023
54051,0.245,0.741,0.014
54053,0.226,0.758,0.017
54055,0.221,0.765,0.014
54057,0.207,0.78,0.013
54059,0.139,0.853,0.008
54061,0.482,0.495,0.023
54063,0.207,0.781,0.012
54065,0.23,0.752,0.018
54067,0.209,0.779,0.012
54069,0.363,0.621,0.016
54071,0.224,0.76,0.016
54073,0.2,0.785,0.014
54075,0.261,0.722,0.017
54077,0.217,0.768,0.015
54079,0.276,0.703,0.021
54081,0.241,0.745,0.014
54083,0.276,0.711,0.014
54085,0.137,0.852,0.011
54087,0.253,0.731,0.017
54089,0.259,0.73,0.011
54091,0.243,0.742,0.015
54093,0.244,0.739,0.017
54095,0.161,0.823,0.017
54097,0.221,0.76,0.019
54099,0.241,0.743,0.016
54101,0.179,0.811,0.01
54103,0.231,0.749,0.02
54105,0.176,0.804,0.02
54107,0.282,0.702,0.016
54109,0.135,0.856,0.01
55001,0.367,0.624,0.01
55003,0.55,0.44,0.011
55005,0.363,0.624,0.013
55007,0.566,0.425,0.01
55009,0.456,0.528,0.016
55011,0.366,0.619,0.014
55013,0.352,0.637,0.011
55015,0.394,0.59,0.016
55017,0.389,0.594,0.017
55019,0.304,0.673,0.023
55021,0.485,0.5,0.015
55023,0.455,0.531,0.014
55025,0.757,0.229,0.014
55027,0.338,0.648,0.015
55029,0.5,0.486,0.014
55031,0.537,0.444,0.019
55033,0.421,0.56,0.019
55035,0.544,0.436,0.019
55037,0.266,0.725,0.009
55039,0.36,0.625,0.015
55041,0.341,0.651,0.008
55043,0.43,0.553,0.016
55045,0.508,0.476,0.016
55047,0.314,0.673,0.013
55049,0.56,0.423,0.017
55051,0.383,0.609,0.008
55053,0.418,0.569,0.013
55055,0.416,0.569,0.016
55057,0.347,0.639,0.014
55059,0.477,0.508,0.015
55061,0.33,0.657,0.014
55063,0.559,0.424,0.017
55065,0.427,0.564,0.01
55067,0.332,0.657,0.011
55069,0.38,0.607,0.013
55071,0.376,0.608,0.016
55073,0.402,0.583,0.015
55075,0.321,0.666,0.013
55077,0.358,0.632,0.01
55078,0.82,0.175,0.006
55079,0.694,0.294,0.013
55081,0.374,0.61,0.016
55083,0.289,0.699,0.012
55085,0.419,0.567,0.014
55087,0.441,0.541,0.018
55089,0.433,0.554,0.013
55091,0.36,0.624,0.016
55093,0.421,0.551,0.028
55095,0.355,0.63,0.014
55097,0.504,0.476,0.019
55099,0.355,0.631,0.014
55101,0.473,0.513,0.014
55103,0.444,0.541,0.015
55105,0.548,0.436,0.016
55107,0.319,0.667,0.013
55109,0.41,0.569,0.02
55111,0.5,0.484,0.016
55113,0.429,0.563,0.008
55115,0.315,0.671,0.014
55117,0.412,0.571,0.017
55119,0.252,0.717,0.031
55121,0.409,0.575,0.015
55123,0.469,0.516,0.015
55125,0.385,0.604,0.011
55127,0.397,0.589,0.014
55129,0.373,0.612,0.015
55131,0.303,0.684,0.013
55133,0.389,0.598,0.014
55135,0.334,0.651,0.015
55137,0.323,0.665,0.012
55139,0.47,0.51,0.021
55141,0.397,0.59,0.013
56001,0.465,0.493,0.042
56003,0.841,0.138,0.021
56005,0.872,0.099,0.028999999999999998
56007,0.7559999999999999,0.215,0.028999999999999998
56009,0.852,0.124,0.024
56011,0.889,0.092,0.018000000000000002
56013,0.667,0.306,0.026000000000000002
56015,0.785,0.19399999999999998,0.021
56017,0.779,0.188,0.033
56019,0.7929999999999999,0.183,0.023
56021,0.625,0.341,0.035
56023,0.8320000000000001,0.145,0.023
56025,0.722,0.244,0.034
56027,0.857,0.11900000000000001,0.025
56029,0.772,0.205,0.023
56031,0.795,0.182,0.023
56033,0.725,0.247,0.027999999999999997
56035,0.8,0.17800000000000002,0.022000000000000002
56037,0.74,0.231,0.027999999999999997
56039,0.299,0.6779999999999999,0.024
56041,0.8029999999999999,0.17,0.027000000000000003
56043,0.813,0.163,0.024
56045,0.879,0.102,0.019
