"fips","unemployment"
1001,5.99166666666667
1003,5.99166666666667
1005,5.99166666666667
1007,5.99166666666667
1009,5.99166666666667
1011,5.99166666666667
1013,5.99166666666667
1015,5.99166666666667
1017,5.99166666666667
1019,5.99166666666667
1021,5.99166666666667
1023,5.99166666666667
1025,5.99166666666667
1027,5.99166666666667
1029,5.99166666666667
1031,5.99166666666667
1033,5.99166666666667
1035,5.99166666666667
1037,5.99166666666667
1039,5.99166666666667
1041,5.99166666666667
1043,5.99166666666667
1045,5.99166666666667
1047,5.99166666666667
1049,5.99166666666667
1051,5.99166666666667
1053,5.99166666666667
1055,5.99166666666667
1057,5.99166666666667
1059,5.99166666666667
1061,5.99166666666667
1063,5.99166666666667
1065,5.99166666666667
1067,5.99166666666667
1069,5.99166666666667
1071,5.99166666666667
1073,5.99166666666667
1075,5.99166666666667
1077,5.99166666666667
1079,5.99166666666667
1081,5.99166666666667
1083,5.99166666666667
1085,5.99166666666667
1087,5.99166666666667
1089,5.99166666666667
1091,5.99166666666667
1093,5.99166666666667
1095,5.99166666666667
1097,5.99166666666667
1099,5.99166666666667
1101,5.99166666666667
1103,5.99166666666667
1105,5.99166666666667
1107,5.99166666666667
1109,5.99166666666667
1111,5.99166666666667
1113,5.99166666666667
1115,5.99166666666667
1117,5.99166666666667
1119,5.99166666666667
1121,5.99166666666667
1123,5.99166666666667
1125,5.99166666666667
1127,5.99166666666667
1129,5.99166666666667
1131,5.99166666666667
1133,5.99166666666667
2000,8.61111111111111
4001,7.28888888888889
4003,7.28888888888889
4005,7.28888888888889
4007,7.28888888888889
4009,7.28888888888889
4011,7.28888888888889
4012,7.28888888888889
4013,7.28888888888889
4015,7.28888888888889
4017,7.28888888888889
4019,7.28888888888889
4021,7.28888888888889
4023,7.28888888888889
4025,7.28888888888889
4027,7.28888888888889
5001,6.35
5003,6.35
5005,6.35
5007,6.35
5009,6.35
5011,6.35
5013,6.35
5015,6.35
5017,6.35
5019,6.35
5021,6.35
5023,6.35
5025,6.35
5027,6.35
5029,6.35
5031,6.35
5033,6.35
5035,6.35
5037,6.35
5039,6.35
5041,6.35
5043,6.35
5045,6.35
5047,6.35
5049,6.35
5051,6.35
5053,6.35
5055,6.35
5057,6.35
5059,6.35
5061,6.35
5063,6.35
5065,6.35
5067,6.35
5069,6.35
5071,6.35
5073,6.35
5075,6.35
5077,6.35
5079,6.35
5081,6.35
5083,6.35
5085,6.35
5087,6.35
5089,6.35
5091,6.35
5093,6.35
5095,6.35
5097,6.35
5099,6.35
5101,6.35
5103,6.35
5105,6.35
5107,6.35
5109,6.35
5111,6.35
5113,6.35
5115,6.35
5117,6.35
5119,6.35
5121,6.35
5123,6.35
5125,6.35
5127,6.35
5129,6.35
5131,6.35
5133,6.35
5135,6.35
5137,6.35
5139,6.35
5141,6.35
5143,6.35
5145,6.35
5147,6.35
5149,6.35
6001,9.675
6003,9.675
6005,9.675
6007,9.675
6009,9.675
6011,9.675
6013,9.675
6015,9.675
6017,9.675
6019,9.675
6021,9.675
6023,9.675
6025,9.675
6027,9.675
6029,9.675
6031,9.675
6033,9.675
6035,9.675
6037,9.675
6039,9.675
6041,9.675
6043,9.675
6045,9.675
6047,9.675
6049,9.675
6051,9.675
6053,9.675
6055,9.675
6057,9.675
6059,9.675
6061,9.675
6063,9.675
6065,9.675
6067,9.675
6069,9.675
6071,9.675
6073,9.675
6075,9.675
6077,9.675
6079,9.675
6081,9.675
6083,9.675
6085,9.675
6087,9.675
6089,9.675
6091,9.675
6093,9.675
6095,9.675
6097,9.675
6099,9.675
6101,9.675
6103,9.675
6105,9.675
6107,9.675
6109,9.675
6111,9.675
6113,9.675
6115,9.675
8001,6.25555555555556
8003,6.25555555555556
8005,6.25555555555556
8007,6.25555555555556
8009,6.25555555555556
8011,6.25555555555556
8013,6.25555555555556
8014,6.25555555555556
8015,6.25555555555556
8017,6.25555555555556
8019,6.25555555555556
8021,6.25555555555556
8023,6.25555555555556
8025,6.25555555555556
8027,6.25555555555556
8029,6.25555555555556
8031,6.25555555555556
8033,6.25555555555556
8035,6.25555555555556
8037,6.25555555555556
8039,6.25555555555556
8041,6.25555555555556
8043,6.25555555555556
8045,6.25555555555556
8047,6.25555555555556
8049,6.25555555555556
8051,6.25555555555556
8053,6.25555555555556
8055,6.25555555555556
8057,6.25555555555556
8059,6.25555555555556
8061,6.25555555555556
8063,6.25555555555556
8065,6.25555555555556
8067,6.25555555555556
8069,6.25555555555556
8071,6.25555555555556
8073,6.25555555555556
8075,6.25555555555556
8077,6.25555555555556
8079,6.25555555555556
8081,6.25555555555556
8083,6.25555555555556
8085,6.25555555555556
8087,6.25555555555556
8089,6.25555555555556
8091,6.25555555555556
8093,6.25555555555556
8095,6.25555555555556
8097,6.25555555555556
8099,6.25555555555556
8101,6.25555555555556
8103,6.25555555555556
8105,6.25555555555556
8107,6.25555555555556
8109,6.25555555555556
8111,6.25555555555556
8113,6.25555555555556
8115,6.25555555555556
8117,6.25555555555556
8119,6.25555555555556
8121,6.25555555555556
8123,6.25555555555556
8125,6.25555555555556
9001,6.77222222222222
9003,6.77222222222222
9005,6.77222222222222
9007,6.77222222222222
9009,6.77222222222222
9011,6.77222222222222
9013,6.77222222222222
9015,6.77222222222222
10001,8.36111111111111
10003,8.36111111111111
10005,8.36111111111111
11001,7.55
12001,7.38611111111111
12003,7.38611111111111
12005,7.38611111111111
12007,7.38611111111111
12009,7.38611111111111
12011,7.38611111111111
12013,7.38611111111111
12015,7.38611111111111
12017,7.38611111111111
12019,7.38611111111111
12021,7.38611111111111
12023,7.38611111111111
12027,7.38611111111111
12029,7.38611111111111
12031,7.38611111111111
12033,7.38611111111111
12035,7.38611111111111
12037,7.38611111111111
12039,7.38611111111111
12041,7.38611111111111
12043,7.38611111111111
12045,7.38611111111111
12047,7.38611111111111
12049,7.38611111111111
12051,7.38611111111111
12053,7.38611111111111
12055,7.38611111111111
12057,7.38611111111111
12059,7.38611111111111
12061,7.38611111111111
12063,7.38611111111111
12065,7.38611111111111
12067,7.38611111111111
12069,7.38611111111111
12071,7.38611111111111
12073,7.38611111111111
12075,7.38611111111111
12077,7.38611111111111
12079,7.38611111111111
12081,7.38611111111111
12083,7.38611111111111
12085,7.38611111111111
12086,7.38611111111111
12087,7.38611111111111
12089,7.38611111111111
12091,7.38611111111111
12093,7.38611111111111
12095,7.38611111111111
12097,7.38611111111111
12099,7.38611111111111
12101,7.38611111111111
12103,7.38611111111111
12105,7.38611111111111
12107,7.38611111111111
12109,7.38611111111111
12111,7.38611111111111
12113,7.38611111111111
12115,7.38611111111111
12117,7.38611111111111
12119,7.38611111111111
12121,7.38611111111111
12123,7.38611111111111
12125,7.38611111111111
12127,7.38611111111111
12129,7.38611111111111
12131,7.38611111111111
12133,7.38611111111111
13001,6.08888888888889
13003,6.08888888888889
13005,6.08888888888889
13007,6.08888888888889
13009,6.08888888888889
13011,6.08888888888889
13013,6.08888888888889
13015,6.08888888888889
13017,6.08888888888889
13019,6.08888888888889
13021,6.08888888888889
13023,6.08888888888889
13025,6.08888888888889
13027,6.08888888888889
13029,6.08888888888889
13031,6.08888888888889
13033,6.08888888888889
13035,6.08888888888889
13037,6.08888888888889
13039,6.08888888888889
13043,6.08888888888889
13045,6.08888888888889
13047,6.08888888888889
13049,6.08888888888889
13051,6.08888888888889
13053,6.08888888888889
13055,6.08888888888889
13057,6.08888888888889
13059,6.08888888888889
13061,6.08888888888889
13063,6.08888888888889
13065,6.08888888888889
13067,6.08888888888889
13069,6.08888888888889
13071,6.08888888888889
13073,6.08888888888889
13075,6.08888888888889
13077,6.08888888888889
13079,6.08888888888889
13081,6.08888888888889
13083,6.08888888888889
13085,6.08888888888889
13087,6.08888888888889
13089,6.08888888888889
13091,6.08888888888889
13093,6.08888888888889
13095,6.08888888888889
13097,6.08888888888889
13099,6.08888888888889
13101,6.08888888888889
13103,6.08888888888889
13105,6.08888888888889
13107,6.08888888888889
13109,6.08888888888889
13111,6.08888888888889
13113,6.08888888888889
13115,6.08888888888889
13117,6.08888888888889
13119,6.08888888888889
13121,6.08888888888889
13123,6.08888888888889
13125,6.08888888888889
13127,6.08888888888889
13129,6.08888888888889
13131,6.08888888888889
13133,6.08888888888889
13135,6.08888888888889
13137,6.08888888888889
13139,6.08888888888889
13141,6.08888888888889
13143,6.08888888888889
13145,6.08888888888889
13147,6.08888888888889
13149,6.08888888888889
13151,6.08888888888889
13153,6.08888888888889
13155,6.08888888888889
13157,6.08888888888889
13159,6.08888888888889
13161,6.08888888888889
13163,6.08888888888889
13165,6.08888888888889
13167,6.08888888888889
13169,6.08888888888889
13171,6.08888888888889
13173,6.08888888888889
13175,6.08888888888889
13177,6.08888888888889
13179,6.08888888888889
13181,6.08888888888889
13183,6.08888888888889
13185,6.08888888888889
13187,6.08888888888889
13189,6.08888888888889
13191,6.08888888888889
13193,6.08888888888889
13195,6.08888888888889
13197,6.08888888888889
13199,6.08888888888889
13201,6.08888888888889
13205,6.08888888888889
13207,6.08888888888889
13209,6.08888888888889
13211,6.08888888888889
13213,6.08888888888889
13215,6.08888888888889
13217,6.08888888888889
13219,6.08888888888889
13221,6.08888888888889
13223,6.08888888888889
13225,6.08888888888889
13227,6.08888888888889
13229,6.08888888888889
13231,6.08888888888889
13233,6.08888888888889
13235,6.08888888888889
13237,6.08888888888889
13239,6.08888888888889
13241,6.08888888888889
13243,6.08888888888889
13245,6.08888888888889
13247,6.08888888888889
13249,6.08888888888889
13251,6.08888888888889
13253,6.08888888888889
13255,6.08888888888889
13257,6.08888888888889
13259,6.08888888888889
13261,6.08888888888889
13263,6.08888888888889
13265,6.08888888888889
13267,6.08888888888889
13269,6.08888888888889
13271,6.08888888888889
13273,6.08888888888889
13275,6.08888888888889
13277,6.08888888888889
13279,6.08888888888889
13281,6.08888888888889
13283,6.08888888888889
13285,6.08888888888889
13287,6.08888888888889
13289,6.08888888888889
13291,6.08888888888889
13293,6.08888888888889
13295,6.08888888888889
13297,6.08888888888889
13299,6.08888888888889
13301,6.08888888888889
13303,6.08888888888889
13305,6.08888888888889
13307,6.08888888888889
13309,6.08888888888889
13311,6.08888888888889
13313,6.08888888888889
13315,6.08888888888889
13317,6.08888888888889
13319,6.08888888888889
13321,6.08888888888889
15001,10.7861111111111
15003,10.7861111111111
15005,10.7861111111111
15007,10.7861111111111
15009,10.7861111111111
16001,5.09722222222222
16003,5.09722222222222
16005,5.09722222222222
16007,5.09722222222222
16009,5.09722222222222
16011,5.09722222222222
16013,5.09722222222222
16015,5.09722222222222
16017,5.09722222222222
16019,5.09722222222222
16021,5.09722222222222
16023,5.09722222222222
16025,5.09722222222222
16027,5.09722222222222
16029,5.09722222222222
16031,5.09722222222222
16033,5.09722222222222
16035,5.09722222222222
16037,5.09722222222222
16039,5.09722222222222
16041,5.09722222222222
16043,5.09722222222222
16045,5.09722222222222
16047,5.09722222222222
16049,5.09722222222222
16051,5.09722222222222
16053,5.09722222222222
16055,5.09722222222222
16057,5.09722222222222
16059,5.09722222222222
16061,5.09722222222222
16063,5.09722222222222
16065,5.09722222222222
16067,5.09722222222222
16069,5.09722222222222
16071,5.09722222222222
16073,5.09722222222222
16075,5.09722222222222
16077,5.09722222222222
16079,5.09722222222222
16081,5.09722222222222
16083,5.09722222222222
16085,5.09722222222222
16087,5.09722222222222
17001,9.13333333333333
17003,9.13333333333333
17005,9.13333333333333
17007,9.13333333333333
17009,9.13333333333333
17011,9.13333333333333
17013,9.13333333333333
17015,9.13333333333333
17017,9.13333333333333
17019,9.13333333333333
17021,9.13333333333333
17023,9.13333333333333
17025,9.13333333333333
17027,9.13333333333333
17029,9.13333333333333
17031,9.13333333333333
17033,9.13333333333333
17035,9.13333333333333
17037,9.13333333333333
17039,9.13333333333333
17041,9.13333333333333
17043,9.13333333333333
17045,9.13333333333333
17047,9.13333333333333
17049,9.13333333333333
17051,9.13333333333333
17053,9.13333333333333
17055,9.13333333333333
17057,9.13333333333333
17059,9.13333333333333
17061,9.13333333333333
17063,9.13333333333333
17065,9.13333333333333
17067,9.13333333333333
17069,9.13333333333333
17071,9.13333333333333
17073,9.13333333333333
17075,9.13333333333333
17077,9.13333333333333
17079,9.13333333333333
17081,9.13333333333333
17083,9.13333333333333
17085,9.13333333333333
17087,9.13333333333333
17089,9.13333333333333
17091,9.13333333333333
17093,9.13333333333333
17095,9.13333333333333
17097,9.13333333333333
17099,9.13333333333333
17101,9.13333333333333
17103,9.13333333333333
17105,9.13333333333333
17107,9.13333333333333
17109,9.13333333333333
17111,9.13333333333333
17113,9.13333333333333
17115,9.13333333333333
17117,9.13333333333333
17119,9.13333333333333
17121,9.13333333333333
17123,9.13333333333333
17125,9.13333333333333
17127,9.13333333333333
17129,9.13333333333333
17131,9.13333333333333
17133,9.13333333333333
17135,9.13333333333333
17137,9.13333333333333
17139,9.13333333333333
17141,9.13333333333333
17143,9.13333333333333
17145,9.13333333333333
17147,9.13333333333333
17149,9.13333333333333
17151,9.13333333333333
17153,9.13333333333333
17155,9.13333333333333
17157,9.13333333333333
17159,9.13333333333333
17161,9.13333333333333
17163,9.13333333333333
17165,9.13333333333333
17167,9.13333333333333
17169,9.13333333333333
17171,9.13333333333333
17173,9.13333333333333
17175,9.13333333333333
17177,9.13333333333333
17179,9.13333333333333
17181,9.13333333333333
17183,9.13333333333333
17185,9.13333333333333
17187,9.13333333333333
17189,9.13333333333333
17191,9.13333333333333
17193,9.13333333333333
17195,9.13333333333333
17197,9.13333333333333
17199,9.13333333333333
17201,9.13333333333333
17203,9.13333333333333
18001,7.00833333333333
18003,7.00833333333333
18005,7.00833333333333
18007,7.00833333333333
18009,7.00833333333333
18011,7.00833333333333
18013,7.00833333333333
18015,7.00833333333333
18017,7.00833333333333
18019,7.00833333333333
18021,7.00833333333333
18023,7.00833333333333
18025,7.00833333333333
18027,7.00833333333333
18029,7.00833333333333
18031,7.00833333333333
18033,7.00833333333333
18035,7.00833333333333
18037,7.00833333333333
18039,7.00833333333333
18041,7.00833333333333
18043,7.00833333333333
18045,7.00833333333333
18047,7.00833333333333
18049,7.00833333333333
18051,7.00833333333333
18053,7.00833333333333
18055,7.00833333333333
18057,7.00833333333333
18059,7.00833333333333
18061,7.00833333333333
18063,7.00833333333333
18065,7.00833333333333
18067,7.00833333333333
18069,7.00833333333333
18071,7.00833333333333
18073,7.00833333333333
18075,7.00833333333333
18077,7.00833333333333
18079,7.00833333333333
18081,7.00833333333333
18083,7.00833333333333
18085,7.00833333333333
18087,7.00833333333333
18089,7.00833333333333
18091,7.00833333333333
18093,7.00833333333333
18095,7.00833333333333
18097,7.00833333333333
18099,7.00833333333333
18101,7.00833333333333
18103,7.00833333333333
18105,7.00833333333333
18107,7.00833333333333
18109,7.00833333333333
18111,7.00833333333333
18113,7.00833333333333
18115,7.00833333333333
18117,7.00833333333333
18119,7.00833333333333
18121,7.00833333333333
18123,7.00833333333333
18125,7.00833333333333
18127,7.00833333333333
18129,7.00833333333333
18131,7.00833333333333
18133,7.00833333333333
18135,7.00833333333333
18137,7.00833333333333
18139,7.00833333333333
18141,7.00833333333333
18143,7.00833333333333
18145,7.00833333333333
18147,7.00833333333333
18149,7.00833333333333
18151,7.00833333333333
18153,7.00833333333333
18155,7.00833333333333
18157,7.00833333333333
18159,7.00833333333333
18161,7.00833333333333
18163,7.00833333333333
18165,7.00833333333333
18167,7.00833333333333
18169,7.00833333333333
18171,7.00833333333333
18173,7.00833333333333
18175,7.00833333333333
18177,7.00833333333333
18179,7.00833333333333
18181,7.00833333333333
18183,7.00833333333333
19001,5.62777777777778
19003,5.62777777777778
19005,5.62777777777778
19007,5.62777777777778
19009,5.62777777777778
19011,5.62777777777778
19013,5.62777777777778
19015,5.62777777777778
19017,5.62777777777778
19019,5.62777777777778
19021,5.62777777777778
19023,5.62777777777778
19025,5.62777777777778
19027,5.62777777777778
19029,5.62777777777778
19031,5.62777777777778
19033,5.62777777777778
19035,5.62777777777778
19037,5.62777777777778
19039,5.62777777777778
19041,5.62777777777778
19043,5.62777777777778
19045,5.62777777777778
19047,5.62777777777778
19049,5.62777777777778
19051,5.62777777777778
19053,5.62777777777778
19055,5.62777777777778
19057,5.62777777777778
19059,5.62777777777778
19061,5.62777777777778
19063,5.62777777777778
19065,5.62777777777778
19067,5.62777777777778
19069,5.62777777777778
19071,5.62777777777778
19073,5.62777777777778
19075,5.62777777777778
19077,5.62777777777778
19079,5.62777777777778
19081,5.62777777777778
19083,5.62777777777778
19085,5.62777777777778
19087,5.62777777777778
19089,5.62777777777778
19091,5.62777777777778
19093,5.62777777777778
19095,5.62777777777778
19097,5.62777777777778
19099,5.62777777777778
19101,5.62777777777778
19103,5.62777777777778
19105,5.62777777777778
19107,5.62777777777778
19109,5.62777777777778
19111,5.62777777777778
19113,5.62777777777778
19115,5.62777777777778
19117,5.62777777777778
19119,5.62777777777778
19121,5.62777777777778
19123,5.62777777777778
19125,5.62777777777778
19127,5.62777777777778
19129,5.62777777777778
19131,5.62777777777778
19133,5.62777777777778
19135,5.62777777777778
19137,5.62777777777778
19139,5.62777777777778
19141,5.62777777777778
19143,5.62777777777778
19145,5.62777777777778
19147,5.62777777777778
19149,5.62777777777778
19151,5.62777777777778
19153,5.62777777777778
19155,5.62777777777778
19157,5.62777777777778
19159,5.62777777777778
19161,5.62777777777778
19163,5.62777777777778
19165,5.62777777777778
19167,5.62777777777778
19169,5.62777777777778
19171,5.62777777777778
19173,5.62777777777778
19175,5.62777777777778
19177,5.62777777777778
19179,5.62777777777778
19181,5.62777777777778
19183,5.62777777777778
19185,5.62777777777778
19187,5.62777777777778
19189,5.62777777777778
19191,5.62777777777778
19193,5.62777777777778
19195,5.62777777777778
19197,5.62777777777778
20001,5.95
20003,5.95
20005,5.95
20007,5.95
20009,5.95
20011,5.95
20013,5.95
20015,5.95
20017,5.95
20019,5.95
20021,5.95
20023,5.95
20025,5.95
20027,5.95
20029,5.95
20031,5.95
20033,5.95
20035,5.95
20037,5.95
20039,5.95
20041,5.95
20043,5.95
20045,5.95
20047,5.95
20049,5.95
20051,5.95
20053,5.95
20055,5.95
20057,5.95
20059,5.95
20061,5.95
20063,5.95
20065,5.95
20067,5.95
20069,5.95
20071,5.95
20073,5.95
20075,5.95
20077,5.95
20079,5.95
20081,5.95
20083,5.95
20085,5.95
20087,5.95
20089,5.95
20091,5.95
20093,5.95
20095,5.95
20097,5.95
20099,5.95
20101,5.95
20103,5.95
20105,5.95
20107,5.95
20109,5.95
20111,5.95
20113,5.95
20115,5.95
20117,5.95
20119,5.95
20121,5.95
20123,5.95
20125,5.95
20127,5.95
20129,5.95
20131,5.95
20133,5.95
20135,5.95
20137,5.95
20139,5.95
20141,5.95
20143,5.95
20145,5.95
20147,5.95
20149,5.95
20151,5.95
20153,5.95
20155,5.95
20157,5.95
20159,5.95
20161,5.95
20163,5.95
20165,5.95
20167,5.95
20169,5.95
20171,5.95
20173,5.95
20175,5.95
20177,5.95
20179,5.95
20181,5.95
20183,5.95
20185,5.95
20187,5.95
20189,5.95
20191,5.95
20193,5.95
20195,5.95
20197,5.95
20199,5.95
20201,5.95
20203,5.95
20205,5.95
20207,5.95
20209,5.95
21001,6.45
21003,6.45
21005,6.45
21007,6.45
21009,6.45
21011,6.45
21013,6.45
21015,6.45
21017,6.45
21019,6.45
21021,6.45
21023,6.45
21025,6.45
21027,6.45
21029,6.45
21031,6.45
21033,6.45
21035,6.45
21037,6.45
21039,6.45
21041,6.45
21043,6.45
21045,6.45
21047,6.45
21049,6.45
21051,6.45
21053,6.45
21055,6.45
21057,6.45
21059,6.45
21061,6.45
21063,6.45
21065,6.45
21067,6.45
21069,6.45
21071,6.45
21073,6.45
21075,6.45
21077,6.45
21079,6.45
21081,6.45
21083,6.45
21085,6.45
21087,6.45
21089,6.45
21091,6.45
21093,6.45
21095,6.45
21097,6.45
21099,6.45
21101,6.45
21103,6.45
21105,6.45
21107,6.45
21109,6.45
21111,6.45
21113,6.45
21115,6.45
21117,6.45
21119,6.45
21121,6.45
21123,6.45
21125,6.45
21127,6.45
21129,6.45
21131,6.45
21133,6.45
21135,6.45
21137,6.45
21139,6.45
21141,6.45
21143,6.45
21145,6.45
21147,6.45
21149,6.45
21151,6.45
21153,6.45
21155,6.45
21157,6.45
21159,6.45
21161,6.45
21163,6.45
21165,6.45
21167,6.45
21169,6.45
21171,6.45
21173,6.45
21175,6.45
21177,6.45
21179,6.45
21181,6.45
21183,6.45
21185,6.45
21187,6.45
21189,6.45
21191,6.45
21193,6.45
21195,6.45
21197,6.45
21199,6.45
21201,6.45
21203,6.45
21205,6.45
21207,6.45
21209,6.45
21211,6.45
21213,6.45
21215,6.45
21217,6.45
21219,6.45
21221,6.45
21223,6.45
21225,6.45
21227,6.45
21229,6.45
21231,6.45
21233,6.45
21235,6.45
21237,6.45
21239,6.45
22001,8.20833333333333
22003,8.20833333333333
22005,8.20833333333333
22007,8.20833333333333
22009,8.20833333333333
22011,8.20833333333333
22013,8.20833333333333
22015,8.20833333333333
22017,8.20833333333333
22019,8.20833333333333
22021,8.20833333333333
22023,8.20833333333333
22025,8.20833333333333
22027,8.20833333333333
22029,8.20833333333333
22031,8.20833333333333
22033,8.20833333333333
22035,8.20833333333333
22037,8.20833333333333
22039,8.20833333333333
22041,8.20833333333333
22043,8.20833333333333
22045,8.20833333333333
22047,8.20833333333333
22049,8.20833333333333
22051,8.20833333333333
22053,8.20833333333333
22055,8.20833333333333
22057,8.20833333333333
22059,8.20833333333333
22061,8.20833333333333
22063,8.20833333333333
22065,8.20833333333333
22067,8.20833333333333
22069,8.20833333333333
22071,8.20833333333333
22073,8.20833333333333
22075,8.20833333333333
22077,8.20833333333333
22079,8.20833333333333
22081,8.20833333333333
22083,8.20833333333333
22085,8.20833333333333
22087,8.20833333333333
22089,8.20833333333333
22091,8.20833333333333
22093,8.20833333333333
22095,8.20833333333333
22097,8.20833333333333
22099,8.20833333333333
22101,8.20833333333333
22103,8.20833333333333
22105,8.20833333333333
22107,8.20833333333333
22109,8.20833333333333
22111,8.20833333333333
22113,8.20833333333333
22115,8.20833333333333
22117,8.20833333333333
22119,8.20833333333333
22121,8.20833333333333
22123,8.20833333333333
22125,8.20833333333333
22127,8.20833333333333
23001,6.02222222222222
23003,6.02222222222222
23005,6.02222222222222
23007,6.02222222222222
23009,6.02222222222222
23011,6.02222222222222
23013,6.02222222222222
23015,6.02222222222222
23017,6.02222222222222
23019,6.02222222222222
23021,6.02222222222222
23023,6.02222222222222
23025,6.02222222222222
23027,6.02222222222222
23029,6.02222222222222
23031,6.02222222222222
24001,6.24722222222222
24003,6.24722222222222
24005,6.24722222222222
24009,6.24722222222222
24011,6.24722222222222
24013,6.24722222222222
24015,6.24722222222222
24017,6.24722222222222
24019,6.24722222222222
24021,6.24722222222222
24023,6.24722222222222
24025,6.24722222222222
24027,6.24722222222222
24029,6.24722222222222
24031,6.24722222222222
24033,6.24722222222222
24035,6.24722222222222
24037,6.24722222222222
24039,6.24722222222222
24041,6.24722222222222
24043,6.24722222222222
24045,6.24722222222222
24047,6.24722222222222
24510,6.24722222222222
25001,9.52222222222222
25003,9.52222222222222
25005,9.52222222222222
25007,9.52222222222222
25009,9.52222222222222
25011,9.52222222222222
25013,9.52222222222222
25015,9.52222222222222
25017,9.52222222222222
25019,9.52222222222222
25021,9.52222222222222
25023,9.52222222222222
25025,9.52222222222222
25027,9.52222222222222
26001,9.55555555555556
26003,9.55555555555556
26005,9.55555555555556
26007,9.55555555555556
26009,9.55555555555556
26011,9.55555555555556
26013,9.55555555555556
26015,9.55555555555556
26017,9.55555555555556
26019,9.55555555555556
26021,9.55555555555556
26023,9.55555555555556
26025,9.55555555555556
26027,9.55555555555556
26029,9.55555555555556
26031,9.55555555555556
26033,9.55555555555556
26035,9.55555555555556
26037,9.55555555555556
26039,9.55555555555556
26041,9.55555555555556
26043,9.55555555555556
26045,9.55555555555556
26047,9.55555555555556
26049,9.55555555555556
26051,9.55555555555556
26053,9.55555555555556
26055,9.55555555555556
26057,9.55555555555556
26059,9.55555555555556
26061,9.55555555555556
26063,9.55555555555556
26065,9.55555555555556
26067,9.55555555555556
26069,9.55555555555556
26071,9.55555555555556
26073,9.55555555555556
26075,9.55555555555556
26077,9.55555555555556
26079,9.55555555555556
26081,9.55555555555556
26083,9.55555555555556
26085,9.55555555555556
26087,9.55555555555556
26089,9.55555555555556
26091,9.55555555555556
26093,9.55555555555556
26095,9.55555555555556
26097,9.55555555555556
26099,9.55555555555556
26101,9.55555555555556
26103,9.55555555555556
26105,9.55555555555556
26107,9.55555555555556
26109,9.55555555555556
26111,9.55555555555556
26113,9.55555555555556
26115,9.55555555555556
26117,9.55555555555556
26119,9.55555555555556
26121,9.55555555555556
26123,9.55555555555556
26125,9.55555555555556
26127,9.55555555555556
26129,9.55555555555556
26131,9.55555555555556
26133,9.55555555555556
26135,9.55555555555556
26137,9.55555555555556
26139,9.55555555555556
26141,9.55555555555556
26143,9.55555555555556
26145,9.55555555555556
26147,9.55555555555556
26149,9.55555555555556
26151,9.55555555555556
26153,9.55555555555556
26155,9.55555555555556
26157,9.55555555555556
26159,9.55555555555556
26161,9.55555555555556
26163,9.55555555555556
26165,9.55555555555556
27001,5.91944444444444
27003,5.91944444444444
27005,5.91944444444444
27007,5.91944444444444
27009,5.91944444444444
27011,5.91944444444444
27013,5.91944444444444
27015,5.91944444444444
27017,5.91944444444444
27019,5.91944444444444
27021,5.91944444444444
27023,5.91944444444444
27025,5.91944444444444
27027,5.91944444444444
27029,5.91944444444444
27031,5.91944444444444
27033,5.91944444444444
27035,5.91944444444444
27037,5.91944444444444
27039,5.91944444444444
27041,5.91944444444444
27043,5.91944444444444
27045,5.91944444444444
27047,5.91944444444444
27049,5.91944444444444
27051,5.91944444444444
27053,5.91944444444444
27055,5.91944444444444
27057,5.91944444444444
27059,5.91944444444444
27061,5.91944444444444
27063,5.91944444444444
27065,5.91944444444444
27067,5.91944444444444
27069,5.91944444444444
27071,5.91944444444444
27073,5.91944444444444
27075,5.91944444444444
27077,5.91944444444444
27079,5.91944444444444
27081,5.91944444444444
27083,5.91944444444444
27085,5.91944444444444
27087,5.91944444444444
27089,5.91944444444444
27091,5.91944444444444
27093,5.91944444444444
27095,5.91944444444444
27097,5.91944444444444
27099,5.91944444444444
27101,5.91944444444444
27103,5.91944444444444
27105,5.91944444444444
27107,5.91944444444444
27109,5.91944444444444
27111,5.91944444444444
27113,5.91944444444444
27115,5.91944444444444
27117,5.91944444444444
27119,5.91944444444444
27121,5.91944444444444
27123,5.91944444444444
27125,5.91944444444444
27127,5.91944444444444
27129,5.91944444444444
27131,5.91944444444444
27133,5.91944444444444
27135,5.91944444444444
27137,5.91944444444444
27139,5.91944444444444
27141,5.91944444444444
27143,5.91944444444444
27145,5.91944444444444
27147,5.91944444444444
27149,5.91944444444444
27151,5.91944444444444
27153,5.91944444444444
27155,5.91944444444444
27157,5.91944444444444
27159,5.91944444444444
27161,5.91944444444444
27163,5.91944444444444
27165,5.91944444444444
27167,5.91944444444444
27169,5.91944444444444
27171,5.91944444444444
27173,5.91944444444444
28001,7.93055555555556
28003,7.93055555555556
28005,7.93055555555556
28007,7.93055555555556
28009,7.93055555555556
28011,7.93055555555556
28013,7.93055555555556
28015,7.93055555555556
28017,7.93055555555556
28019,7.93055555555556
28021,7.93055555555556
28023,7.93055555555556
28025,7.93055555555556
28027,7.93055555555556
28029,7.93055555555556
28031,7.93055555555556
28033,7.93055555555556
28035,7.93055555555556
28037,7.93055555555556
28039,7.93055555555556
28041,7.93055555555556
28043,7.93055555555556
28045,7.93055555555556
28047,7.93055555555556
28049,7.93055555555556
28051,7.93055555555556
28053,7.93055555555556
28055,7.93055555555556
28057,7.93055555555556
28059,7.93055555555556
28061,7.93055555555556
28063,7.93055555555556
28065,7.93055555555556
28067,7.93055555555556
28069,7.93055555555556
28071,7.93055555555556
28073,7.93055555555556
28075,7.93055555555556
28077,7.93055555555556
28079,7.93055555555556
28081,7.93055555555556
28083,7.93055555555556
28085,7.93055555555556
28087,7.93055555555556
28089,7.93055555555556
28091,7.93055555555556
28093,7.93055555555556
28095,7.93055555555556
28097,7.93055555555556
28099,7.93055555555556
28101,7.93055555555556
28103,7.93055555555556
28105,7.93055555555556
28107,7.93055555555556
28109,7.93055555555556
28111,7.93055555555556
28113,7.93055555555556
28115,7.93055555555556
28117,7.93055555555556
28119,7.93055555555556
28121,7.93055555555556
28123,7.93055555555556
28125,7.93055555555556
28127,7.93055555555556
28129,7.93055555555556
28131,7.93055555555556
28133,7.93055555555556
28135,7.93055555555556
28137,7.93055555555556
28139,7.93055555555556
28141,7.93055555555556
28143,7.93055555555556
28145,7.93055555555556
28147,7.93055555555556
28149,7.93055555555556
28151,7.93055555555556
28153,7.93055555555556
28155,7.93055555555556
28157,7.93055555555556
28159,7.93055555555556
28161,7.93055555555556
28163,7.93055555555556
29001,5.85
29003,5.85
29005,5.85
29007,5.85
29009,5.85
29011,5.85
29013,5.85
29015,5.85
29017,5.85
29019,5.85
29021,5.85
29023,5.85
29025,5.85
29027,5.85
29029,5.85
29031,5.85
29033,5.85
29035,5.85
29037,5.85
29039,5.85
29041,5.85
29043,5.85
29045,5.85
29047,5.85
29049,5.85
29051,5.85
29053,5.85
29055,5.85
29057,5.85
29059,5.85
29061,5.85
29063,5.85
29065,5.85
29067,5.85
29069,5.85
29071,5.85
29073,5.85
29075,5.85
29077,5.85
29079,5.85
29081,5.85
29083,5.85
29085,5.85
29087,5.85
29089,5.85
29091,5.85
29093,5.85
29095,5.85
29097,5.85
29099,5.85
29101,5.85
29103,5.85
29105,5.85
29107,5.85
29109,5.85
29111,5.85
29113,5.85
29115,5.85
29117,5.85
29119,5.85
29121,5.85
29123,5.85
29125,5.85
29127,5.85
29129,5.85
29131,5.85
29133,5.85
29135,5.85
29137,5.85
29139,5.85
29141,5.85
29143,5.85
29145,5.85
29147,5.85
29149,5.85
29151,5.85
29153,5.85
29155,5.85
29157,5.85
29159,5.85
29161,5.85
29163,5.85
29165,5.85
29167,5.85
29169,5.85
29171,5.85
29173,5.85
29175,5.85
29177,5.85
29179,5.85
29181,5.85
29183,5.85
29185,5.85
29186,5.85
29187,5.85
29189,5.85
29195,5.85
29197,5.85
29199,5.85
29201,5.85
29203,5.85
29205,5.85
29207,5.85
29209,5.85
29211,5.85
29213,5.85
29215,5.85
29217,5.85
29219,5.85
29221,5.85
29223,5.85
29225,5.85
29227,5.85
29229,5.85
29510,5.85
30001,5.76111111111111
30003,5.76111111111111
30005,5.76111111111111
30007,5.76111111111111
30009,5.76111111111111
30011,5.76111111111111
30013,5.76111111111111
30015,5.76111111111111
30017,5.76111111111111
30019,5.76111111111111
30021,5.76111111111111
30023,5.76111111111111
30025,5.76111111111111
30027,5.76111111111111
30029,5.76111111111111
30031,5.76111111111111
30033,5.76111111111111
30035,5.76111111111111
30037,5.76111111111111
30039,5.76111111111111
30041,5.76111111111111
30043,5.76111111111111
30045,5.76111111111111
30047,5.76111111111111
30049,5.76111111111111
30051,5.76111111111111
30053,5.76111111111111
30055,5.76111111111111
30057,5.76111111111111
30059,5.76111111111111
30061,5.76111111111111
30063,5.76111111111111
30065,5.76111111111111
30067,5.76111111111111
30069,5.76111111111111
30071,5.76111111111111
30073,5.76111111111111
30075,5.76111111111111
30077,5.76111111111111
30079,5.76111111111111
30081,5.76111111111111
30083,5.76111111111111
30085,5.76111111111111
30087,5.76111111111111
30089,5.76111111111111
30091,5.76111111111111
30093,5.76111111111111
30095,5.76111111111111
30097,5.76111111111111
30099,5.76111111111111
30101,5.76111111111111
30103,5.76111111111111
30105,5.76111111111111
30107,5.76111111111111
30109,5.76111111111111
30111,5.76111111111111
31001,4.31111111111111
31003,4.31111111111111
31005,4.31111111111111
31007,4.31111111111111
31009,4.31111111111111
31011,4.31111111111111
31013,4.31111111111111
31015,4.31111111111111
31017,4.31111111111111
31019,4.31111111111111
31021,4.31111111111111
31023,4.31111111111111
31025,4.31111111111111
31027,4.31111111111111
31029,4.31111111111111
31031,4.31111111111111
31033,4.31111111111111
31035,4.31111111111111
31037,4.31111111111111
31039,4.31111111111111
31041,4.31111111111111
31043,4.31111111111111
31045,4.31111111111111
31047,4.31111111111111
31049,4.31111111111111
31051,4.31111111111111
31053,4.31111111111111
31055,4.31111111111111
31057,4.31111111111111
31059,4.31111111111111
31061,4.31111111111111
31063,4.31111111111111
31065,4.31111111111111
31067,4.31111111111111
31069,4.31111111111111
31071,4.31111111111111
31073,4.31111111111111
31075,4.31111111111111
31077,4.31111111111111
31079,4.31111111111111
31081,4.31111111111111
31083,4.31111111111111
31085,4.31111111111111
31087,4.31111111111111
31089,4.31111111111111
31091,4.31111111111111
31093,4.31111111111111
31095,4.31111111111111
31097,4.31111111111111
31099,4.31111111111111
31101,4.31111111111111
31103,4.31111111111111
31105,4.31111111111111
31107,4.31111111111111
31109,4.31111111111111
31111,4.31111111111111
31113,4.31111111111111
31115,4.31111111111111
31117,4.31111111111111
31119,4.31111111111111
31121,4.31111111111111
31123,4.31111111111111
31125,4.31111111111111
31127,4.31111111111111
31129,4.31111111111111
31131,4.31111111111111
31133,4.31111111111111
31135,4.31111111111111
31137,4.31111111111111
31139,4.31111111111111
31141,4.31111111111111
31143,4.31111111111111
31145,4.31111111111111
31147,4.31111111111111
31149,4.31111111111111
31151,4.31111111111111
31153,4.31111111111111
31155,4.31111111111111
31157,4.31111111111111
31159,4.31111111111111
31161,4.31111111111111
31163,4.31111111111111
31165,4.31111111111111
31167,4.31111111111111
31169,4.31111111111111
31171,4.31111111111111
31173,4.31111111111111
31175,4.31111111111111
31177,4.31111111111111
31179,4.31111111111111
31181,4.31111111111111
31183,4.31111111111111
31185,4.31111111111111
32001,12.0777777777778
32003,12.0777777777778
32005,12.0777777777778
32007,12.0777777777778
32009,12.0777777777778
32011,12.0777777777778
32013,12.0777777777778
32015,12.0777777777778
32017,12.0777777777778
32019,12.0777777777778
32021,12.0777777777778
32023,12.0777777777778
32027,12.0777777777778
32029,12.0777777777778
32031,12.0777777777778
32033,12.0777777777778
32510,12.0777777777778
33001,6.82777777777778
33003,6.82777777777778
33005,6.82777777777778
33007,6.82777777777778
33009,6.82777777777778
33011,6.82777777777778
33013,6.82777777777778
33015,6.82777777777778
33017,6.82777777777778
33019,6.82777777777778
34001,9.1
34003,9.1
34005,9.1
34007,9.1
34009,9.1
34011,9.1
34013,9.1
34015,9.1
34017,9.1
34019,9.1
34021,9.1
34023,9.1
34025,9.1
34027,9.1
34029,9.1
34031,9.1
34033,9.1
34035,9.1
34037,9.1
34039,9.1
34041,9.1
35001,8.26666666666667
35003,8.26666666666667
35005,8.26666666666667
35006,8.26666666666667
35007,8.26666666666667
35009,8.26666666666667
35011,8.26666666666667
35013,8.26666666666667
35015,8.26666666666667
35017,8.26666666666667
35019,8.26666666666667
35021,8.26666666666667
35023,8.26666666666667
35025,8.26666666666667
35027,8.26666666666667
35028,8.26666666666667
35029,8.26666666666667
35031,8.26666666666667
35033,8.26666666666667
35035,8.26666666666667
35037,8.26666666666667
35039,8.26666666666667
35041,8.26666666666667
35043,8.26666666666667
35045,8.26666666666667
35047,8.26666666666667
35049,8.26666666666667
35051,8.26666666666667
35053,8.26666666666667
35055,8.26666666666667
35057,8.26666666666667
35059,8.26666666666667
35061,8.26666666666667
36001,9.64166666666667
36003,9.64166666666667
36005,9.64166666666667
36007,9.64166666666667
36009,9.64166666666667
36011,9.64166666666667
36013,9.64166666666667
36015,9.64166666666667
36017,9.64166666666667
36019,9.64166666666667
36021,9.64166666666667
36023,9.64166666666667
36025,9.64166666666667
36027,9.64166666666667
36029,9.64166666666667
36031,9.64166666666667
36033,9.64166666666667
36035,9.64166666666667
36037,9.64166666666667
36039,9.64166666666667
36041,9.64166666666667
36043,9.64166666666667
36045,9.64166666666667
36047,9.64166666666667
36049,9.64166666666667
36051,9.64166666666667
36053,9.64166666666667
36055,9.64166666666667
36057,9.64166666666667
36059,9.64166666666667
36061,9.64166666666667
36063,9.64166666666667
36065,9.64166666666667
36067,9.64166666666667
36069,9.64166666666667
36071,9.64166666666667
36073,9.64166666666667
36075,9.64166666666667
36077,9.64166666666667
36079,9.64166666666667
36081,9.64166666666667
36083,9.64166666666667
36085,9.64166666666667
36087,9.64166666666667
36089,9.64166666666667
36091,9.64166666666667
36093,9.64166666666667
36095,9.64166666666667
36097,9.64166666666667
36099,9.64166666666667
36101,9.64166666666667
36103,9.64166666666667
36105,9.64166666666667
36107,9.64166666666667
36109,9.64166666666667
36111,9.64166666666667
36113,9.64166666666667
36115,9.64166666666667
36117,9.64166666666667
36119,9.64166666666667
36121,9.64166666666667
36123,9.64166666666667
37001,6.83888888888889
37003,6.83888888888889
37005,6.83888888888889
37007,6.83888888888889
37009,6.83888888888889
37011,6.83888888888889
37013,6.83888888888889
37015,6.83888888888889
37017,6.83888888888889
37019,6.83888888888889
37021,6.83888888888889
37023,6.83888888888889
37025,6.83888888888889
37027,6.83888888888889
37029,6.83888888888889
37031,6.83888888888889
37033,6.83888888888889
37035,6.83888888888889
37037,6.83888888888889
37039,6.83888888888889
37041,6.83888888888889
37043,6.83888888888889
37045,6.83888888888889
37047,6.83888888888889
37049,6.83888888888889
37051,6.83888888888889
37053,6.83888888888889
37055,6.83888888888889
37057,6.83888888888889
37059,6.83888888888889
37061,6.83888888888889
37063,6.83888888888889
37065,6.83888888888889
37067,6.83888888888889
37069,6.83888888888889
37071,6.83888888888889
37073,6.83888888888889
37075,6.83888888888889
37077,6.83888888888889
37079,6.83888888888889
37081,6.83888888888889
37083,6.83888888888889
37085,6.83888888888889
37087,6.83888888888889
37089,6.83888888888889
37091,6.83888888888889
37093,6.83888888888889
37095,6.83888888888889
37097,6.83888888888889
37099,6.83888888888889
37101,6.83888888888889
37103,6.83888888888889
37105,6.83888888888889
37107,6.83888888888889
37109,6.83888888888889
37111,6.83888888888889
37113,6.83888888888889
37115,6.83888888888889
37117,6.83888888888889
37119,6.83888888888889
37121,6.83888888888889
37123,6.83888888888889
37125,6.83888888888889
37127,6.83888888888889
37129,6.83888888888889
37131,6.83888888888889
37133,6.83888888888889
37135,6.83888888888889
37137,6.83888888888889
37139,6.83888888888889
37141,6.83888888888889
37143,6.83888888888889
37145,6.83888888888889
37147,6.83888888888889
37149,6.83888888888889
37151,6.83888888888889
37153,6.83888888888889
37155,6.83888888888889
37157,6.83888888888889
37159,6.83888888888889
37161,6.83888888888889
37163,6.83888888888889
37165,6.83888888888889
37167,6.83888888888889
37169,6.83888888888889
37171,6.83888888888889
37173,6.83888888888889
37175,6.83888888888889
37177,6.83888888888889
37179,6.83888888888889
37181,6.83888888888889
37183,6.83888888888889
37185,6.83888888888889
37187,6.83888888888889
37189,6.83888888888889
37191,6.83888888888889
37193,6.83888888888889
37195,6.83888888888889
37197,6.83888888888889
37199,6.83888888888889
38001,4.86944444444444
38003,4.86944444444444
38005,4.86944444444444
38007,4.86944444444444
38009,4.86944444444444
38011,4.86944444444444
38013,4.86944444444444
38015,4.86944444444444
38017,4.86944444444444
38019,4.86944444444444
38021,4.86944444444444
38023,4.86944444444444
38025,4.86944444444444
38027,4.86944444444444
38029,4.86944444444444
38031,4.86944444444444
38033,4.86944444444444
38035,4.86944444444444
38037,4.86944444444444
38039,4.86944444444444
38041,4.86944444444444
38043,4.86944444444444
38045,4.86944444444444
38047,4.86944444444444
38049,4.86944444444444
38051,4.86944444444444
38053,4.86944444444444
38055,4.86944444444444
38057,4.86944444444444
38059,4.86944444444444
38061,4.86944444444444
38063,4.86944444444444
38065,4.86944444444444
38067,4.86944444444444
38069,4.86944444444444
38071,4.86944444444444
38073,4.86944444444444
38075,4.86944444444444
38077,4.86944444444444
38079,4.86944444444444
38081,4.86944444444444
38083,4.86944444444444
38085,4.86944444444444
38087,4.86944444444444
38089,4.86944444444444
38091,4.86944444444444
38093,4.86944444444444
38095,4.86944444444444
38097,4.86944444444444
38099,4.86944444444444
38101,4.86944444444444
38103,4.86944444444444
38105,4.86944444444444
39001,8.27222222222222
39003,8.27222222222222
39005,8.27222222222222
39007,8.27222222222222
39009,8.27222222222222
39011,8.27222222222222
39013,8.27222222222222
39015,8.27222222222222
39017,8.27222222222222
39019,8.27222222222222
39021,8.27222222222222
39023,8.27222222222222
39025,8.27222222222222
39027,8.27222222222222
39029,8.27222222222222
39031,8.27222222222222
39033,8.27222222222222
39035,8.27222222222222
39037,8.27222222222222
39039,8.27222222222222
39041,8.27222222222222
39043,8.27222222222222
39045,8.27222222222222
39047,8.27222222222222
39049,8.27222222222222
39051,8.27222222222222
39053,8.27222222222222
39055,8.27222222222222
39057,8.27222222222222
39059,8.27222222222222
39061,8.27222222222222
39063,8.27222222222222
39065,8.27222222222222
39067,8.27222222222222
39069,8.27222222222222
39071,8.27222222222222
39073,8.27222222222222
39075,8.27222222222222
39077,8.27222222222222
39079,8.27222222222222
39081,8.27222222222222
39083,8.27222222222222
39085,8.27222222222222
39087,8.27222222222222
39089,8.27222222222222
39091,8.27222222222222
39093,8.27222222222222
39095,8.27222222222222
39097,8.27222222222222
39099,8.27222222222222
39101,8.27222222222222
39103,8.27222222222222
39105,8.27222222222222
39107,8.27222222222222
39109,8.27222222222222
39111,8.27222222222222
39113,8.27222222222222
39115,8.27222222222222
39117,8.27222222222222
39119,8.27222222222222
39121,8.27222222222222
39123,8.27222222222222
39125,8.27222222222222
39127,8.27222222222222
39129,8.27222222222222
39131,8.27222222222222
39133,8.27222222222222
39135,8.27222222222222
39137,8.27222222222222
39139,8.27222222222222
39141,8.27222222222222
39143,8.27222222222222
39145,8.27222222222222
39147,8.27222222222222
39149,8.27222222222222
39151,8.27222222222222
39153,8.27222222222222
39155,8.27222222222222
39157,8.27222222222222
39159,8.27222222222222
39161,8.27222222222222
39163,8.27222222222222
39165,8.27222222222222
39167,8.27222222222222
39169,8.27222222222222
39171,8.27222222222222
39173,8.27222222222222
39175,8.27222222222222
40001,6.16666666666667
40003,6.16666666666667
40005,6.16666666666667
40007,6.16666666666667
40009,6.16666666666667
40011,6.16666666666667
40013,6.16666666666667
40015,6.16666666666667
40017,6.16666666666667
40019,6.16666666666667
40021,6.16666666666667
40023,6.16666666666667
40025,6.16666666666667
40027,6.16666666666667
40029,6.16666666666667
40031,6.16666666666667
40033,6.16666666666667
40035,6.16666666666667
40037,6.16666666666667
40039,6.16666666666667
40041,6.16666666666667
40043,6.16666666666667
40045,6.16666666666667
40047,6.16666666666667
40049,6.16666666666667
40051,6.16666666666667
40053,6.16666666666667
40055,6.16666666666667
40057,6.16666666666667
40059,6.16666666666667
40061,6.16666666666667
40063,6.16666666666667
40065,6.16666666666667
40067,6.16666666666667
40069,6.16666666666667
40071,6.16666666666667
40073,6.16666666666667
40075,6.16666666666667
40077,6.16666666666667
40079,6.16666666666667
40081,6.16666666666667
40083,6.16666666666667
40085,6.16666666666667
40087,6.16666666666667
40089,6.16666666666667
40091,6.16666666666667
40093,6.16666666666667
40095,6.16666666666667
40097,6.16666666666667
40099,6.16666666666667
40101,6.16666666666667
40103,6.16666666666667
40105,6.16666666666667
40107,6.16666666666667
40109,6.16666666666667
40111,6.16666666666667
40113,6.16666666666667
40115,6.16666666666667
40117,6.16666666666667
40119,6.16666666666667
40121,6.16666666666667
40123,6.16666666666667
40125,6.16666666666667
40127,6.16666666666667
40129,6.16666666666667
40131,6.16666666666667
40133,6.16666666666667
40135,6.16666666666667
40137,6.16666666666667
40139,6.16666666666667
40141,6.16666666666667
40143,6.16666666666667
40145,6.16666666666667
40147,6.16666666666667
40149,6.16666666666667
40151,6.16666666666667
40153,6.16666666666667
41001,7.85833333333333
41003,7.85833333333333
41005,7.85833333333333
41007,7.85833333333333
41009,7.85833333333333
41011,7.85833333333333
41013,7.85833333333333
41015,7.85833333333333
41017,7.85833333333333
41019,7.85833333333333
41021,7.85833333333333
41023,7.85833333333333
41025,7.85833333333333
41027,7.85833333333333
41029,7.85833333333333
41031,7.85833333333333
41033,7.85833333333333
41035,7.85833333333333
41037,7.85833333333333
41039,7.85833333333333
41041,7.85833333333333
41043,7.85833333333333
41045,7.85833333333333
41047,7.85833333333333
41049,7.85833333333333
41051,7.85833333333333
41053,7.85833333333333
41055,7.85833333333333
41057,7.85833333333333
41059,7.85833333333333
41061,7.85833333333333
41063,7.85833333333333
41065,7.85833333333333
41067,7.85833333333333
41069,7.85833333333333
41071,7.85833333333333
42001,8.95555555555556
42003,8.95555555555556
42005,8.95555555555556
42007,8.95555555555556
42009,8.95555555555556
42011,8.95555555555556
42013,8.95555555555556
42015,8.95555555555556
42017,8.95555555555556
42019,8.95555555555556
42021,8.95555555555556
42023,8.95555555555556
42025,8.95555555555556
42027,8.95555555555556
42029,8.95555555555556
42031,8.95555555555556
42033,8.95555555555556
42035,8.95555555555556
42037,8.95555555555556
42039,8.95555555555556
42041,8.95555555555556
42043,8.95555555555556
42045,8.95555555555556
42047,8.95555555555556
42049,8.95555555555556
42051,8.95555555555556
42053,8.95555555555556
42055,8.95555555555556
42057,8.95555555555556
42059,8.95555555555556
42061,8.95555555555556
42063,8.95555555555556
42065,8.95555555555556
42067,8.95555555555556
42069,8.95555555555556
42071,8.95555555555556
42073,8.95555555555556
42075,8.95555555555556
42077,8.95555555555556
42079,8.95555555555556
42081,8.95555555555556
42083,8.95555555555556
42085,8.95555555555556
42087,8.95555555555556
42089,8.95555555555556
42091,8.95555555555556
42093,8.95555555555556
42095,8.95555555555556
42097,8.95555555555556
42099,8.95555555555556
42101,8.95555555555556
42103,8.95555555555556
42105,8.95555555555556
42107,8.95555555555556
42109,8.95555555555556
42111,8.95555555555556
42113,8.95555555555556
42115,8.95555555555556
42117,8.95555555555556
42119,8.95555555555556
42121,8.95555555555556
42123,8.95555555555556
42125,8.95555555555556
42127,8.95555555555556
42129,8.95555555555556
42131,8.95555555555556
42133,8.95555555555556
44001,9.30555555555556
44003,9.30555555555556
44005,9.30555555555556
44007,9.30555555555556
44009,9.30555555555556
45001,6.18888888888889
45003,6.18888888888889
45005,6.18888888888889
45007,6.18888888888889
45009,6.18888888888889
45011,6.18888888888889
45013,6.18888888888889
45015,6.18888888888889
45017,6.18888888888889
45019,6.18888888888889
45021,6.18888888888889
45023,6.18888888888889
45025,6.18888888888889
45027,6.18888888888889
45029,6.18888888888889
45031,6.18888888888889
45033,6.18888888888889
45035,6.18888888888889
45037,6.18888888888889
45039,6.18888888888889
45041,6.18888888888889
45043,6.18888888888889
45045,6.18888888888889
45047,6.18888888888889
45049,6.18888888888889
45051,6.18888888888889
45053,6.18888888888889
45055,6.18888888888889
45057,6.18888888888889
45059,6.18888888888889
45061,6.18888888888889
45063,6.18888888888889
45065,6.18888888888889
45067,6.18888888888889
45069,6.18888888888889
45071,6.18888888888889
45073,6.18888888888889
45075,6.18888888888889
45077,6.18888888888889
45079,6.18888888888889
45081,6.18888888888889
45083,6.18888888888889
45085,6.18888888888889
45087,6.18888888888889
45089,6.18888888888889
45091,6.18888888888889
46003,5.36944444444444
46005,5.36944444444444
46007,5.36944444444444
46009,5.36944444444444
46011,5.36944444444444
46013,5.36944444444444
46015,5.36944444444444
46017,5.36944444444444
46019,5.36944444444444
46021,5.36944444444444
46023,5.36944444444444
46025,5.36944444444444
46027,5.36944444444444
46029,5.36944444444444
46031,5.36944444444444
46033,5.36944444444444
46035,5.36944444444444
46037,5.36944444444444
46039,5.36944444444444
46041,5.36944444444444
46043,5.36944444444444
46045,5.36944444444444
46047,5.36944444444444
46049,5.36944444444444
46051,5.36944444444444
46053,5.36944444444444
46055,5.36944444444444
46057,5.36944444444444
46059,5.36944444444444
46061,5.36944444444444
46063,5.36944444444444
46065,5.36944444444444
46067,5.36944444444444
46069,5.36944444444444
46071,5.36944444444444
46073,5.36944444444444
46075,5.36944444444444
46077,5.36944444444444
46079,5.36944444444444
46081,5.36944444444444
46083,5.36944444444444
46085,5.36944444444444
46087,5.36944444444444
46089,5.36944444444444
46091,5.36944444444444
46093,5.36944444444444
46095,5.36944444444444
46097,5.36944444444444
46099,5.36944444444444
46101,5.36944444444444
46102,5.36944444444444
46103,5.36944444444444
46105,5.36944444444444
46107,5.36944444444444
46109,5.36944444444444
46111,5.36944444444444
46115,5.36944444444444
46117,5.36944444444444
46119,5.36944444444444
46121,5.36944444444444
46123,5.36944444444444
46125,5.36944444444444
46127,5.36944444444444
46129,5.36944444444444
46135,5.36944444444444
46137,5.36944444444444
47001,7.14166666666667
47003,7.14166666666667
47005,7.14166666666667
47007,7.14166666666667
47009,7.14166666666667
47011,7.14166666666667
47013,7.14166666666667
47015,7.14166666666667
47017,7.14166666666667
47019,7.14166666666667
47021,7.14166666666667
47023,7.14166666666667
47025,7.14166666666667
47027,7.14166666666667
47029,7.14166666666667
47031,7.14166666666667
47033,7.14166666666667
47035,7.14166666666667
47037,7.14166666666667
47039,7.14166666666667
47041,7.14166666666667
47043,7.14166666666667
47045,7.14166666666667
47047,7.14166666666667
47049,7.14166666666667
47051,7.14166666666667
47053,7.14166666666667
47055,7.14166666666667
47057,7.14166666666667
47059,7.14166666666667
47061,7.14166666666667
47063,7.14166666666667
47065,7.14166666666667
47067,7.14166666666667
47069,7.14166666666667
47071,7.14166666666667
47073,7.14166666666667
47075,7.14166666666667
47077,7.14166666666667
47079,7.14166666666667
47081,7.14166666666667
47083,7.14166666666667
47085,7.14166666666667
47087,7.14166666666667
47089,7.14166666666667
47091,7.14166666666667
47093,7.14166666666667
47095,7.14166666666667
47097,7.14166666666667
47099,7.14166666666667
47101,7.14166666666667
47103,7.14166666666667
47105,7.14166666666667
47107,7.14166666666667
47109,7.14166666666667
47111,7.14166666666667
47113,7.14166666666667
47115,7.14166666666667
47117,7.14166666666667
47119,7.14166666666667
47121,7.14166666666667
47123,7.14166666666667
47125,7.14166666666667
47127,7.14166666666667
47129,7.14166666666667
47131,7.14166666666667
47133,7.14166666666667
47135,7.14166666666667
47137,7.14166666666667
47139,7.14166666666667
47141,7.14166666666667
47143,7.14166666666667
47145,7.14166666666667
47147,7.14166666666667
47149,7.14166666666667
47151,7.14166666666667
47153,7.14166666666667
47155,7.14166666666667
47157,7.14166666666667
47159,7.14166666666667
47161,7.14166666666667
47163,7.14166666666667
47165,7.14166666666667
47167,7.14166666666667
47169,7.14166666666667
47171,7.14166666666667
47173,7.14166666666667
47175,7.14166666666667
47177,7.14166666666667
47179,7.14166666666667
47181,7.14166666666667
47183,7.14166666666667
47185,7.14166666666667
47187,7.14166666666667
47189,7.14166666666667
48001,7.01666666666667
48003,7.01666666666667
48005,7.01666666666667
48007,7.01666666666667
48009,7.01666666666667
48011,7.01666666666667
48013,7.01666666666667
48015,7.01666666666667
48017,7.01666666666667
48019,7.01666666666667
48021,7.01666666666667
48023,7.01666666666667
48025,7.01666666666667
48027,7.01666666666667
48029,7.01666666666667
48031,7.01666666666667
48033,7.01666666666667
48035,7.01666666666667
48037,7.01666666666667
48039,7.01666666666667
48041,7.01666666666667
48043,7.01666666666667
48045,7.01666666666667
48047,7.01666666666667
48049,7.01666666666667
48051,7.01666666666667
48053,7.01666666666667
48055,7.01666666666667
48057,7.01666666666667
48059,7.01666666666667
48061,7.01666666666667
48063,7.01666666666667
48065,7.01666666666667
48067,7.01666666666667
48069,7.01666666666667
48071,7.01666666666667
48073,7.01666666666667
48075,7.01666666666667
48077,7.01666666666667
48079,7.01666666666667
48081,7.01666666666667
48083,7.01666666666667
48085,7.01666666666667
48087,7.01666666666667
48089,7.01666666666667
48091,7.01666666666667
48093,7.01666666666667
48095,7.01666666666667
48097,7.01666666666667
48099,7.01666666666667
48101,7.01666666666667
48103,7.01666666666667
48105,7.01666666666667
48107,7.01666666666667
48109,7.01666666666667
48111,7.01666666666667
48113,7.01666666666667
48115,7.01666666666667
48117,7.01666666666667
48119,7.01666666666667
48121,7.01666666666667
48123,7.01666666666667
48125,7.01666666666667
48127,7.01666666666667
48129,7.01666666666667
48131,7.01666666666667
48133,7.01666666666667
48135,7.01666666666667
48137,7.01666666666667
48139,7.01666666666667
48141,7.01666666666667
48143,7.01666666666667
48145,7.01666666666667
48147,7.01666666666667
48149,7.01666666666667
48151,7.01666666666667
48153,7.01666666666667
48155,7.01666666666667
48157,7.01666666666667
48159,7.01666666666667
48161,7.01666666666667
48163,7.01666666666667
48165,7.01666666666667
48167,7.01666666666667
48169,7.01666666666667
48171,7.01666666666667
48173,7.01666666666667
48175,7.01666666666667
48177,7.01666666666667
48179,7.01666666666667
48181,7.01666666666667
48183,7.01666666666667
48185,7.01666666666667
48187,7.01666666666667
48189,7.01666666666667
48191,7.01666666666667
48193,7.01666666666667
48195,7.01666666666667
48197,7.01666666666667
48199,7.01666666666667
48201,7.01666666666667
48203,7.01666666666667
48205,7.01666666666667
48207,7.01666666666667
48209,7.01666666666667
48211,7.01666666666667
48213,7.01666666666667
48215,7.01666666666667
48217,7.01666666666667
48219,7.01666666666667
48221,7.01666666666667
48223,7.01666666666667
48225,7.01666666666667
48227,7.01666666666667
48229,7.01666666666667
48231,7.01666666666667
48233,7.01666666666667
48235,7.01666666666667
48237,7.01666666666667
48239,7.01666666666667
48241,7.01666666666667
48243,7.01666666666667
48245,7.01666666666667
48247,7.01666666666667
48249,7.01666666666667
48251,7.01666666666667
48253,7.01666666666667
48255,7.01666666666667
48257,7.01666666666667
48259,7.01666666666667
48261,7.01666666666667
48263,7.01666666666667
48265,7.01666666666667
48267,7.01666666666667
48269,7.01666666666667
48271,7.01666666666667
48273,7.01666666666667
48275,7.01666666666667
48277,7.01666666666667
48279,7.01666666666667
48281,7.01666666666667
48283,7.01666666666667
48285,7.01666666666667
48287,7.01666666666667
48289,7.01666666666667
48291,7.01666666666667
48293,7.01666666666667
48295,7.01666666666667
48297,7.01666666666667
48299,7.01666666666667
48301,7.01666666666667
48303,7.01666666666667
48305,7.01666666666667
48307,7.01666666666667
48309,7.01666666666667
48311,7.01666666666667
48313,7.01666666666667
48315,7.01666666666667
48317,7.01666666666667
48319,7.01666666666667
48321,7.01666666666667
48323,7.01666666666667
48325,7.01666666666667
48327,7.01666666666667
48329,7.01666666666667
48331,7.01666666666667
48333,7.01666666666667
48335,7.01666666666667
48337,7.01666666666667
48339,7.01666666666667
48341,7.01666666666667
48343,7.01666666666667
48345,7.01666666666667
48347,7.01666666666667
48349,7.01666666666667
48351,7.01666666666667
48353,7.01666666666667
48355,7.01666666666667
48357,7.01666666666667
48359,7.01666666666667
48361,7.01666666666667
48363,7.01666666666667
48365,7.01666666666667
48367,7.01666666666667
48369,7.01666666666667
48371,7.01666666666667
48373,7.01666666666667
48375,7.01666666666667
48377,7.01666666666667
48379,7.01666666666667
48381,7.01666666666667
48383,7.01666666666667
48385,7.01666666666667
48387,7.01666666666667
48389,7.01666666666667
48391,7.01666666666667
48393,7.01666666666667
48395,7.01666666666667
48397,7.01666666666667
48399,7.01666666666667
48401,7.01666666666667
48403,7.01666666666667
48405,7.01666666666667
48407,7.01666666666667
48409,7.01666666666667
48411,7.01666666666667
48413,7.01666666666667
48415,7.01666666666667
48417,7.01666666666667
48419,7.01666666666667
48421,7.01666666666667
48423,7.01666666666667
48425,7.01666666666667
48427,7.01666666666667
48429,7.01666666666667
48431,7.01666666666667
48433,7.01666666666667
48435,7.01666666666667
48437,7.01666666666667
48439,7.01666666666667
48441,7.01666666666667
48443,7.01666666666667
48445,7.01666666666667
48447,7.01666666666667
48449,7.01666666666667
48451,7.01666666666667
48453,7.01666666666667
48455,7.01666666666667
48457,7.01666666666667
48459,7.01666666666667
48461,7.01666666666667
48463,7.01666666666667
48465,7.01666666666667
48467,7.01666666666667
48469,7.01666666666667
48471,7.01666666666667
48473,7.01666666666667
48475,7.01666666666667
48477,7.01666666666667
48479,7.01666666666667
48481,7.01666666666667
48483,7.01666666666667
48485,7.01666666666667
48487,7.01666666666667
48489,7.01666666666667
48491,7.01666666666667
48493,7.01666666666667
48495,7.01666666666667
48497,7.01666666666667
48499,7.01666666666667
48501,7.01666666666667
48503,7.01666666666667
48505,7.01666666666667
48507,7.01666666666667
49001,4.65555555555556
49003,4.65555555555556
49005,4.65555555555556
49007,4.65555555555556
49009,4.65555555555556
49011,4.65555555555556
49013,4.65555555555556
49015,4.65555555555556
49017,4.65555555555556
49019,4.65555555555556
49021,4.65555555555556
49023,4.65555555555556
49025,4.65555555555556
49027,4.65555555555556
49029,4.65555555555556
49031,4.65555555555556
49033,4.65555555555556
49035,4.65555555555556
49037,4.65555555555556
49039,4.65555555555556
49041,4.65555555555556
49043,4.65555555555556
49045,4.65555555555556
49047,4.65555555555556
49049,4.65555555555556
49051,4.65555555555556
49053,4.65555555555556
49055,4.65555555555556
49057,4.65555555555556
50001,6.18888888888889
50003,6.18888888888889
50005,6.18888888888889
50007,6.18888888888889
50009,6.18888888888889
50011,6.18888888888889
50013,6.18888888888889
50015,6.18888888888889
50017,6.18888888888889
50019,6.18888888888889
50021,6.18888888888889
50023,6.18888888888889
50025,6.18888888888889
50027,6.18888888888889
51001,5.76666666666667
51003,5.76666666666667
51005,5.76666666666667
51007,5.76666666666667
51009,5.76666666666667
51011,5.76666666666667
51013,5.76666666666667
51015,5.76666666666667
51017,5.76666666666667
51019,5.76666666666667
51021,5.76666666666667
51023,5.76666666666667
51025,5.76666666666667
51027,5.76666666666667
51029,5.76666666666667
51031,5.76666666666667
51033,5.76666666666667
51035,5.76666666666667
51036,5.76666666666667
51037,5.76666666666667
51041,5.76666666666667
51043,5.76666666666667
51045,5.76666666666667
51047,5.76666666666667
51049,5.76666666666667
51051,5.76666666666667
51053,5.76666666666667
51057,5.76666666666667
51059,5.76666666666667
51061,5.76666666666667
51063,5.76666666666667
51065,5.76666666666667
51067,5.76666666666667
51069,5.76666666666667
51071,5.76666666666667
51073,5.76666666666667
51075,5.76666666666667
51077,5.76666666666667
51079,5.76666666666667
51081,5.76666666666667
51083,5.76666666666667
51085,5.76666666666667
51087,5.76666666666667
51089,5.76666666666667
51091,5.76666666666667
51093,5.76666666666667
51095,5.76666666666667
51097,5.76666666666667
51099,5.76666666666667
51101,5.76666666666667
51103,5.76666666666667
51105,5.76666666666667
51107,5.76666666666667
51109,5.76666666666667
51111,5.76666666666667
51113,5.76666666666667
51115,5.76666666666667
51117,5.76666666666667
51119,5.76666666666667
51121,5.76666666666667
51125,5.76666666666667
51127,5.76666666666667
51131,5.76666666666667
51133,5.76666666666667
51135,5.76666666666667
51137,5.76666666666667
51139,5.76666666666667
51141,5.76666666666667
51143,5.76666666666667
51145,5.76666666666667
51147,5.76666666666667
51149,5.76666666666667
51153,5.76666666666667
51155,5.76666666666667
51157,5.76666666666667
51159,5.76666666666667
51161,5.76666666666667
51163,5.76666666666667
51165,5.76666666666667
51167,5.76666666666667
51169,5.76666666666667
51171,5.76666666666667
51173,5.76666666666667
51175,5.76666666666667
51177,5.76666666666667
51179,5.76666666666667
51181,5.76666666666667
51183,5.76666666666667
51185,5.76666666666667
51187,5.76666666666667
51191,5.76666666666667
51193,5.76666666666667
51195,5.76666666666667
51197,5.76666666666667
51199,5.76666666666667
51510,5.76666666666667
51520,5.76666666666667
51530,5.76666666666667
51540,5.76666666666667
51550,5.76666666666667
51570,5.76666666666667
51580,5.76666666666667
51590,5.76666666666667
51595,5.76666666666667
51600,5.76666666666667
51610,5.76666666666667
51620,5.76666666666667
51630,5.76666666666667
51640,5.76666666666667
51650,5.76666666666667
51660,5.76666666666667
51670,5.76666666666667
51678,5.76666666666667
51680,5.76666666666667
51683,5.76666666666667
51685,5.76666666666667
51690,5.76666666666667
51700,5.76666666666667
51710,5.76666666666667
51720,5.76666666666667
51730,5.76666666666667
51735,5.76666666666667
51740,5.76666666666667
51750,5.76666666666667
51760,5.76666666666667
51770,5.76666666666667
51775,5.76666666666667
51790,5.76666666666667
51800,5.76666666666667
51810,5.76666666666667
51820,5.76666666666667
51830,5.76666666666667
51840,5.76666666666667
53001,8.13888888888889
53003,8.13888888888889
53005,8.13888888888889
53007,8.13888888888889
53009,8.13888888888889
53011,8.13888888888889
53013,8.13888888888889
53015,8.13888888888889
53017,8.13888888888889
53019,8.13888888888889
53021,8.13888888888889
53023,8.13888888888889
53025,8.13888888888889
53027,8.13888888888889
53029,8.13888888888889
53031,8.13888888888889
53033,8.13888888888889
53035,8.13888888888889
53037,8.13888888888889
53039,8.13888888888889
53041,8.13888888888889
53043,8.13888888888889
53045,8.13888888888889
53047,8.13888888888889
53049,8.13888888888889
53051,8.13888888888889
53053,8.13888888888889
53055,8.13888888888889
53057,8.13888888888889
53059,8.13888888888889
53061,8.13888888888889
53063,8.13888888888889
53065,8.13888888888889
53067,8.13888888888889
53069,8.13888888888889
53071,8.13888888888889
53073,8.13888888888889
53075,8.13888888888889
53077,8.13888888888889
54001,8.43888888888889
54003,8.43888888888889
54005,8.43888888888889
54007,8.43888888888889
54009,8.43888888888889
54011,8.43888888888889
54013,8.43888888888889
54015,8.43888888888889
54017,8.43888888888889
54019,8.43888888888889
54021,8.43888888888889
54023,8.43888888888889
54025,8.43888888888889
54027,8.43888888888889
54029,8.43888888888889
54031,8.43888888888889
54033,8.43888888888889
54035,8.43888888888889
54037,8.43888888888889
54039,8.43888888888889
54041,8.43888888888889
54043,8.43888888888889
54045,8.43888888888889
54047,8.43888888888889
54049,8.43888888888889
54051,8.43888888888889
54053,8.43888888888889
54055,8.43888888888889
54057,8.43888888888889
54059,8.43888888888889
54061,8.43888888888889
54063,8.43888888888889
54065,8.43888888888889
54067,8.43888888888889
54069,8.43888888888889
54071,8.43888888888889
54073,8.43888888888889
54075,8.43888888888889
54077,8.43888888888889
54079,8.43888888888889
54081,8.43888888888889
54083,8.43888888888889
54085,8.43888888888889
54087,8.43888888888889
54089,8.43888888888889
54091,8.43888888888889
54093,8.43888888888889
54095,8.43888888888889
54097,8.43888888888889
54099,8.43888888888889
54101,8.43888888888889
54103,8.43888888888889
54105,8.43888888888889
54107,8.43888888888889
54109,8.43888888888889
55001,6.36111111111111
55003,6.36111111111111
55005,6.36111111111111
55007,6.36111111111111
55009,6.36111111111111
55011,6.36111111111111
55013,6.36111111111111
55015,6.36111111111111
55017,6.36111111111111
55019,6.36111111111111
55021,6.36111111111111
55023,6.36111111111111
55025,6.36111111111111
55027,6.36111111111111
55029,6.36111111111111
55031,6.36111111111111
55033,6.36111111111111
55035,6.36111111111111
55037,6.36111111111111
55039,6.36111111111111
55041,6.36111111111111
55043,6.36111111111111
55045,6.36111111111111
55047,6.36111111111111
55049,6.36111111111111
55051,6.36111111111111
55053,6.36111111111111
55055,6.36111111111111
55057,6.36111111111111
55059,6.36111111111111
55061,6.36111111111111
55063,6.36111111111111
55065,6.36111111111111
55067,6.36111111111111
55069,6.36111111111111
55071,6.36111111111111
55073,6.36111111111111
55075,6.36111111111111
55077,6.36111111111111
55078,6.36111111111111
55079,6.36111111111111
55081,6.36111111111111
55083,6.36111111111111
55085,6.36111111111111
55087,6.36111111111111
55089,6.36111111111111
55091,6.36111111111111
55093,6.36111111111111
55095,6.36111111111111
55097,6.36111111111111
55099,6.36111111111111
55101,6.36111111111111
55103,6.36111111111111
55105,6.36111111111111
55107,6.36111111111111
55109,6.36111111111111
55111,6.36111111111111
55113,6.36111111111111
55115,6.36111111111111
55117,6.36111111111111
55119,6.36111111111111
55121,6.36111111111111
55123,6.36111111111111
55125,6.36111111111111
55127,6.36111111111111
55129,6.36111111111111
55131,6.36111111111111
55133,6.36111111111111
55135,6.36111111111111
55137,6.36111111111111
55139,6.36111111111111
55141,6.36111111111111
56001,5.9
56003,5.9
56005,5.9
56007,5.9
56009,5.9
56011,5.9
56013,5.9
56015,5.9
56017,5.9
56019,5.9
56021,5.9
56023,5.9
56025,5.9
56027,5.9
56029,5.9
56031,5.9
56033,5.9
56035,5.9
56037,5.9
56039,5.9
56041,5.9
56043,5.9
56045,5.9
